province,prov_id,cons_id,cons_no,zones,registered_voters,ref_turnout,ref_turnout_pct,ref_valid,ref_valid_pct,ref_invalid,ref_invalid_pct,yes_votes,yes_pct,no_votes,no_pct,abstained,abstained_pct,counted_stations,count_pct
กรุงเทพมหานคร,BKK,BKK_1,1,"เขตพระนคร, เขตดุสิต (ยกเว้นถนนนครไชยศรี), เขตบางรัก, เขตป้อมปราบศัตรูพ่าย, เขตสัมพันธวงศ์",130423,79245,60.76,78266,98.76,979,1.24,47947,61.26,26432,33.77,3887,4.97,225,94.94
กรุงเทพมหานคร,BKK,BKK_2,2,"เขตปทุมวัน, เขตสาทร, เขตราชเทวี",136481,81960,60.05,80964,98.78,996,1.22,50937,62.91,26114,32.25,3913,4.83,218,94.78
กรุงเทพมหานคร,BKK,BKK_3,3,"เขตยานนาวา, เขตบางคอแหลม",122578,88357,72.08,87252,98.75,1105,1.25,57511,65.91,25777,29.54,3964,4.54,204,94.88
กรุงเทพมหานคร,BKK,BKK_4,4,"เขตคลองเตย, เขตวัฒนา",129453,75703,58.48,74620,98.57,1083,1.43,46852,62.79,24062,32.25,3706,4.97,185,94.87
กรุงเทพมหานคร,BKK,BKK_5,5,"เขตห้วยขวาง, เขตวังทองหลาง (ยกเว้นคลองเจ้าคุณสิงห์)",134016,106053,79.13,105029,99.03,1024,0.97,75322,71.72,25811,24.58,3896,3.71,204,94.88
กรุงเทพมหานคร,BKK,BKK_6,6,"เขตพญาไท, เขตดินแดง",143144,102242,71.43,101016,98.8,1226,1.2,67249,66.57,29424,29.13,4343,4.3,207,94.95
กรุงเทพมหานคร,BKK,BKK_7,7,"เขตดุสิต (เฉพาะถนนนครไชยศรี), เขตบางซื่อ",138276,84106,60.82,83031,98.72,1075,1.28,52957,63.78,25833,31.11,4241,5.11,199,94.76
กรุงเทพมหานคร,BKK,BKK_8,8,"เขตจตุจักร (ยกเว้นเสนานิคม จันทรเกษม), เขตหลักสี่ (ยกเว้นตลาดบางเขน)",144067,94333,65.48,93337,98.94,996,1.06,60343,64.65,28951,31.02,4043,4.33,191,94.55
กรุงเทพมหานคร,BKK,BKK_9,9,"เขตบางเขน (ยกเว้นท่าแร้ง), เขตจตุจักร (เฉพาะเสนานิคม จันทรเกษม), เขตหลักสี่ (ยกเว้นทุ่งสองห้อง)",144296,106562,73.85,105500,99.0,1062,1.0,72424,68.65,28614,27.12,4462,4.23,187,94.92
กรุงเทพมหานคร,BKK,BKK_10,10,เขตดอนเมือง,138687,90978,65.6,89852,98.76,1126,1.24,59374,66.08,25236,28.09,5242,5.83,176,94.62
กรุงเทพมหานคร,BKK,BKK_11,11,เขตสายไหม (ยกเว้นออเงิน),137319,98248,71.55,97052,98.78,1196,1.22,66624,68.65,25212,25.98,5216,5.37,183,94.82
กรุงเทพมหานคร,BKK,BKK_12,12,"เขตบางเขน (ยกเว้นอนุสาวรีย์), เขตลาดพร้าว (ยกเว้นลาดพร้าว), เขตสายไหม (เฉพาะออเงิน)",143148,105446,73.66,104355,98.97,1091,1.03,72374,69.35,27513,26.36,4468,4.28,179,94.71
กรุงเทพมหานคร,BKK,BKK_13,13,"เขตบึงกุ่ม (ยกเว้นคลองกุ่ม), เขตลาดพร้าว (ยกเว้นจรเข้บัว)",131707,90891,69.01,89925,98.94,966,1.06,60621,67.41,25749,28.63,3555,3.95,181,94.76
กรุงเทพมหานคร,BKK,BKK_14,14,"เขตบางกะปิ, เขตวังทองหลาง (เฉพาะคลองเจ้าคุณสิงห์)",140341,90978,64.83,89807,98.71,1171,1.29,58331,64.95,27587,30.72,3889,4.33,185,94.87
กรุงเทพมหานคร,BKK,BKK_15,15,"เขตบึงกุ่ม (เฉพาะคลองกุ่ม), เขตคันนายาว",127758,92415,72.34,91351,98.85,1064,1.15,61347,67.16,25605,28.03,4399,4.82,173,94.54
กรุงเทพมหานคร,BKK,BKK_16,16,เขตคลองสามวา (ยกเว้นสามวาตะวันออก ทรายกองดินใต้),138261,98194,71.02,97170,98.96,1024,1.04,67765,69.74,24720,25.44,4685,4.82,168,94.92
กรุงเทพมหานคร,BKK,BKK_17,17,"เขตหนองจอก (ยกเว้นโคกแฝด ลำผักชี ลำต้อยติ่ง), เขตคลองสามวา (เฉพาะสามวาตะวันออก ทรายกองดินใต้)",120704,77061,63.84,75723,98.26,1338,1.74,47209,62.34,22450,29.65,6064,8.01,166,94.86
กรุงเทพมหานคร,BKK,BKK_18,18,"เขตหนองจอก (เฉพาะโคกแฝด ลำผักชี ลำต้อยติ่ง), เขตมีนบุรี (ยกเว้นมีนบุรี), เขตลาดกระบัง (เฉพาะลำปลาทิว)",122857,80272,65.34,78879,98.26,1393,1.74,49790,63.12,23450,29.73,5639,7.15,159,94.64
กรุงเทพมหานคร,BKK,BKK_19,19,"เขตมีนบุรี (ยกเว้นแสนแสบ), เขตสะพานสูง (ยกเว้นทับช้าง)",135594,94102,69.4,92996,98.82,1106,1.18,61577,66.21,27065,29.1,4354,4.68,177,94.65
กรุงเทพมหานคร,BKK,BKK_20,20,เขตลาดกระบัง (ยกเว้นลำปลาทิว),126504,98157,77.59,96808,98.63,1349,1.37,70717,73.05,20791,21.48,5300,5.47,159,94.64
กรุงเทพมหานคร,BKK,BKK_21,21,"เขตประเวศ (ยกเว้นหนองบอน), เขตสะพานสูง (เฉพาะทับช้าง)",136677,88836,65.0,87723,98.75,1113,1.25,58816,67.05,24423,27.84,4484,5.11,171,94.48
กรุงเทพมหานคร,BKK,BKK_22,22,"เขตประเวศ (เฉพาะหนองบอน), เขตสวนหลวง",133669,95164,71.19,94063,98.84,1101,1.16,63559,67.57,26506,28.18,3998,4.25,190,94.53
กรุงเทพมหานคร,BKK,BKK_23,23,"เขตพระโขนง, เขตบางนา",144136,113423,78.69,112273,98.99,1150,1.01,79200,70.54,28780,25.63,4293,3.82,218,94.78
กรุงเทพมหานคร,BKK,BKK_24,24,"เขตธนบุรี (ยกเว้นวัดกัลยาณ์ หิรัญรูจี บางยี่เรือ), เขตคลองสาน, เขตราษฎร์บูรณะ (ยกเว้นราษฎร์บูรณะ)",142161,94559,66.52,93330,98.7,1229,1.3,62503,66.97,26119,27.99,4708,5.04,219,94.81
กรุงเทพมหานคร,BKK,BKK_25,25,"เขตราษฎร์บูรณะ (ยกเว้นบางปะกอก), เขตทุ่งครุ",126847,82832,65.3,81641,98.56,1191,1.44,54091,66.25,23053,28.24,4497,5.51,163,94.77
กรุงเทพมหานคร,BKK,BKK_26,26,"เขตบางขุนเทียน (ยกเว้นแสมดำ), เขตจอมทอง (ยกเว้นบางขุนเทียน)",139473,93037,66.71,91743,98.61,1294,1.39,62548,68.18,24029,26.19,5166,5.63,195,94.66
กรุงเทพมหานคร,BKK,BKK_27,27,"เขตบางขุนเทียน (ยกเว้นท่าข้าม), เขตบางบอน (ยกเว้นบางบอนเหนือ คลองบางพราน)",134519,96402,71.66,95035,98.58,1367,1.42,66490,69.96,23258,24.47,5287,5.56,165,94.83
กรุงเทพมหานคร,BKK,BKK_28,28,"เขตหนองแขม (ยกเว้นหนองค้างพลู), เขตจอมทอง (เฉพาะบางขุนเทียน), เขตบางบอน (ยกเว้นบางบอนใต้ คลองบางบอน)",139847,76858,54.96,75797,98.62,1061,1.38,51668,68.17,19770,26.08,4359,5.75,148,78.31
กรุงเทพมหานคร,BKK,BKK_29,29,"เขตหนองแขม (ยกเว้นหนองแขม), เขตบางแค (ยกเว้นบางแค หลักสอง)",144498,96344,66.67,94979,98.58,1365,1.42,63017,66.35,26601,28.01,5361,5.64,187,94.92
กรุงเทพมหานคร,BKK,BKK_30,30,"เขตภาษีเจริญ (เฉพาะบางหว้า บางด้วน คลองขวาง), เขตบางแค (ยกเว้นบางแคเหนือ บางไผ่)",143904,108387,75.32,107008,98.73,1379,1.27,75340,70.41,26378,24.65,5290,4.94,182,94.79
กรุงเทพมหานคร,BKK,BKK_31,31,"เขตตลิ่งชัน (ยกเว้นบางเชือกหนัง), เขตทวีวัฒนา",143811,107883,75.02,106492,98.71,1391,1.29,69319,65.09,31388,29.47,5785,5.43,227,94.98
กรุงเทพมหานคร,BKK,BKK_32,32,"เขตธนบุรี (เฉพาะวัดกัลยาณ์ หิรัญรูจี บางยี่เรือ), เขตบางกอกใหญ่, เขตตลิ่งชัน (เฉพาะบางเชือกหนัง), เขตบางกอกน้อย (เฉพาะศิริราช), เขตภาษีเจริญ (ยกเว้นบางหว้า บางด้วน คลองขวาง)",139079,88691,63.77,87376,98.52,1315,1.48,56695,64.89,25673,29.38,5008,5.73,214,94.69
กรุงเทพมหานคร,BKK,BKK_33,33,"เขตบางกอกน้อย (ยกเว้นศิริราช), เขตบางพลัด",148223,108013,72.87,106875,98.95,1138,1.05,73455,68.73,28829,26.97,4591,4.3,203,89.43
สมุทรปราการ,SPK,SPK_1,1,อำเภอเมืองสมุทรปราการ (เฉพาะบางโปรง บางด้วน บางเมือง ท้ายบ้าน ปากน้ำ),130808,88843,67.92,87289,98.25,1554,1.75,57917,66.35,23198,26.58,6174,7.07,195,94.66
สมุทรปราการ,SPK,SPK_2,2,อำเภอเมืองสมุทรปราการ (เฉพาะแพรกษา บางปูใหม่ บางปู ท้ายบ้านใหม่),129020,93424,72.41,91646,98.1,1778,1.9,63993,69.83,20808,22.7,6845,7.47,189,94.97
สมุทรปราการ,SPK,SPK_3,3,อำเภอเมืองสมุทรปราการ (เฉพาะเทพารักษ์ บางเมืองใหม่ สำโรงเหนือ),141171,92139,65.27,90919,98.68,1220,1.32,61562,67.71,23962,26.36,5395,5.93,198,94.74
สมุทรปราการ,SPK,SPK_4,4,อำเภอบางพลี (เฉพาะบางพลีใหญ่ บางแก้ว),136475,83101,60.89,82153,98.86,948,1.14,57361,69.82,20144,24.52,4648,5.66,168,94.92
สมุทรปราการ,SPK,SPK_5,5,"อำเภอเมืองสมุทรปราการ (เฉพาะแพรกษาใหม่), อำเภอบางพลี (ยกเว้นบางพลีใหญ่ บางแก้ว), อำเภอบางเสาธง (เฉพาะศีรษะจรเข้น้อย)",158700,102292,64.46,101039,98.78,1253,1.22,71690,70.95,22629,22.4,6720,6.65,216,94.74
สมุทรปราการ,SPK,SPK_6,6,อำเภอพระประแดง (ยกเว้นบางจาก),129989,89841,69.11,87986,97.94,1855,2.06,57015,64.8,24095,27.39,6876,7.81,246,94.98
สมุทรปราการ,SPK,SPK_7,7,"อำเภอพระสมุทรเจดีย์, อำเภอพระประแดง (เฉพาะบางจาก)",149428,98629,66.0,96696,98.04,1933,1.96,66648,68.93,22198,22.96,7850,8.12,215,94.71
สมุทรปราการ,SPK,SPK_8,8,"อำเภอบางบ่อ, อำเภอบางเสาธง (ยกเว้นศีรษะจรเข้น้อย)",150829,112319,74.47,109966,97.91,2353,2.09,75527,68.68,25741,23.41,8698,7.91,237,94.8
นนทบุรี,NBI,NBI_1,1,อำเภอเมืองนนทบุรี (เฉพาะบางเขน บางกระสอ ท่าทราย),140032,93068,66.46,91967,98.82,1101,1.18,58389,63.49,28624,31.12,4954,5.39,165,94.83
นนทบุรี,NBI,NBI_2,2,อำเภอเมืองนนทบุรี (ยกเว้นบางไผ่ ไทรม้า บางเขน บางกระสอ ท่าทราย),124608,85218,68.39,84062,98.64,1156,1.36,54494,64.83,24831,29.54,4737,5.64,164,94.8
นนทบุรี,NBI,NBI_3,3,"อำเภอเมืองนนทบุรี (เฉพาะบางไผ่), อำเภอบางกรวย",140981,81719,57.96,80696,98.75,1023,1.25,53672,66.51,22368,27.72,4656,5.77,156,76.85
นนทบุรี,NBI,NBI_4,4,อำเภอปากเกร็ด (เฉพาะบางตลาด บ้านใหม่ บางพูด คลองเกลือ),127356,83529,65.59,82637,98.93,892,1.07,55586,67.27,22603,27.35,4448,5.38,166,94.86
นนทบุรี,NBI,NBI_5,5,"อำเภอบางบัวทอง (เฉพาะละหาร ลำโพ), อำเภอปากเกร็ด (ยกเว้นบางตลาด บ้านใหม่ บางพูด คลองเกลือ), อำเภอเมืองนนทบุรี (เฉพาะไทรม้า)",137859,98726,71.61,97244,98.5,1482,1.5,62236,64.0,28798,29.61,6210,6.39,186,94.9
นนทบุรี,NBI,NBI_6,6,อำเภอบางใหญ่,144086,100935,70.05,99432,98.51,1503,1.49,65902,66.28,26956,27.11,6574,6.61,200,94.79
นนทบุรี,NBI,NBI_7,7,"อำเภอบางบัวทอง (เฉพาะบางบัวทอง พิมลราช โสนลอย), อำเภอไทรน้อย (เฉพาะไทรน้อย คลองขวาง)",142478,93980,65.96,92565,98.49,1415,1.51,59903,64.71,25876,27.95,6786,7.33,197,94.71
นนทบุรี,NBI,NBI_8,8,"อำเภอบางบัวทอง (เฉพาะบางรักใหญ่ บางรักพัฒนา บางคูรัด), อำเภอไทรน้อย (ยกเว้นไทรน้อย คลองขวาง)",136983,94910,69.29,93395,98.4,1515,1.6,60260,64.52,26227,28.08,6908,7.4,192,94.58
ปทุมธานี,PTE,PTE_1,1,"อำเภอเมืองปทุมธานี (เฉพาะบ้านฉาง บางขะแยง บางหลวง บางเดื่อ บางคูวัด), อำเภอลาดหลุมแก้ว",130700,95156,72.8,93382,98.14,1774,1.86,60455,64.74,25111,26.89,7816,8.37,190,95
ปทุมธานี,PTE,PTE_2,2,"อำเภอเมืองปทุมธานี (ยกเว้นบ้านใหม่ บ้านฉาง บางขะแยง บางหลวง บางเดื่อ หลักหก บางคูวัด), อำเภอสามโคก",128901,101031,78.38,99083,98.07,1948,1.93,66475,67.09,25133,25.37,7475,7.54,183,94.82
ปทุมธานี,PTE,PTE_3,3,อำเภอคลองหลวง (เฉพาะคลองสาม คลองหนึ่ง คลองสอง),131743,97328,73.88,96053,98.69,1275,1.31,70346,73.24,19737,20.55,5970,6.22,169,94.94
ปทุมธานี,PTE,PTE_4,4,"อำเภอคลองหลวง (เฉพาะคลองหนึ่ง คลองสอง), อำเภอธัญบุรี (เฉพาะประชาธิปัตย์)",132037,90475,68.52,88975,98.34,1500,1.66,60388,67.87,22771,25.59,5816,6.54,167,94.89
ปทุมธานี,PTE,PTE_5,5,"อำเภอเมืองปทุมธานี (เฉพาะบ้านใหม่ หลักหก), อำเภอลำลูกกา (เฉพาะคูคต)",122740,85135,69.36,83939,98.6,1196,1.4,56518,67.33,22345,26.62,5076,6.05,199,94.76
ปทุมธานี,PTE,PTE_6,6,"อำเภอลำลูกกา (เฉพาะบึงคำพร้อย ลาดสวาย), อำเภอธัญบุรี (เฉพาะบึงยี่โถ)",122393,85812,70.11,84844,98.87,968,1.13,59847,70.54,20523,24.19,4474,5.27,143,94.7
ปทุมธานี,PTE,PTE_7,7,"อำเภอคลองหลวง (ยกเว้นคลองสาม คลองหนึ่ง คลองสอง), อำเภอหนองเสือ (เฉพาะบึงบอน บึงชำอ้อ), อำเภอธัญบุรี (เฉพาะรังสิต ลำผักกูด)",121843,87315,71.66,85658,98.1,1657,1.9,57688,67.35,21183,24.73,6787,7.92,174,94.57
ปทุมธานี,PTE,PTE_8,8,"อำเภอหนองเสือ (ยกเว้นบึงบอน บึงชำอ้อ), อำเภอลำลูกกา (ยกเว้นลาดสวาย คูคต), อำเภอธัญบุรี (เฉพาะบึงสนั่น บึงน้ำรักษ์)",122403,81031,66.2,79237,97.79,1794,2.21,50045,63.16,21954,27.71,7238,9.13,175,94.59
พระนครศรีอยุธยา,AYA,AYA_1,1,"อำเภอพระนครศรีอยุธยา, อำเภอบางบาล",140188,102901,73.4,100437,97.61,2464,2.39,62333,62.06,29393,29.27,8711,8.67,225,94.94
พระนครศรีอยุธยา,AYA,AYA_2,2,"อำเภอท่าเรือ, อำเภอนครหลวง, อำเภอบางปะหัน, อำเภอมหาราช, อำเภอบ้านแพรก",128589,95586,74.33,92797,97.08,2789,2.92,55554,59.87,27302,29.42,9941,10.71,220,94.83
พระนครศรีอยุธยา,AYA,AYA_3,3,"อำเภอภาชี, อำเภอวังน้อย, อำเภออุทัย",136493,100185,73.4,97746,97.57,2439,2.43,63620,65.09,24926,25.5,9200,9.41,204,94.88
พระนครศรีอยุธยา,AYA,AYA_4,4,"อำเภอบางไทร, อำเภอบางปะอิน",139523,99911,71.61,97581,97.67,2330,2.33,62394,63.94,26158,26.81,9029,9.25,217,94.76
พระนครศรีอยุธยา,AYA,AYA_5,5,"อำเภอผักไห่, อำเภอลาดบัวหลวง, อำเภอเสนา, อำเภอบางซ้าย",133055,97328,73.15,94353,96.94,2975,3.06,58060,61.53,26462,28.05,9831,10.42,225,94.94
อ่างทอง,ATG,ATG_1,1,"อำเภอเมืองอ่างทอง, อำเภอป่าโมก, อำเภอวิเศษชัยชาญ (ยกเว้นสาวร้องไห้ ม่วงเตี้ย)",111666,79402,71.11,76843,96.78,2559,3.22,44347,57.71,24513,31.9,7983,10.39,234,94.74
อ่างทอง,ATG,ATG_2,2,"อำเภอไชโย, อำเภอโพธิ์ทอง, อำเภอแสวงหา, อำเภอวิเศษชัยชาญ (เฉพาะสาวร้องไห้ ม่วงเตี้ย), อำเภอสามโก้",112423,79871,71.05,77148,96.59,2723,3.41,44164,57.25,24481,31.73,8503,11.02,241,94.88
ลพบุรี,LRI,LRI_1,1,"อำเภอโคกสำโรง, อำเภอเมืองลพบุรี (เฉพาะกกโก ถนนใหญ่ เขาสามยอด เขาพระงาม โคกตูม นิคมสร้างตนเอง)",151712,98777,65.11,95258,96.44,3519,3.56,55114,57.86,30375,31.89,9769,10.26,244,94.94
ลพบุรี,LRI,LRI_2,2,"อำเภอเมืองลพบุรี (ยกเว้นกกโก ถนนใหญ่ เขาสามยอด เขาพระงาม โคกตูม นิคมสร้างตนเอง), อำเภอท่าวุ้ง",149672,108214,72.3,104709,96.76,3505,3.24,59753,57.07,34138,32.6,10818,10.33,252,94.74
ลพบุรี,LRI,LRI_3,3,"อำเภอชัยบาดาล (เฉพาะชัยนารายณ์ ศิลาทิพย์ ห้วยหิน ม่วงค่อม มะกอกหวาน นิคมลำนารายณ์ บ้านใหม่สามัคคี), อำเภอบ้านหมี่, อำเภอสระโบสถ์, อำเภอโคกเจริญ, อำเภอหนองม่วง",145648,95657,65.68,92472,96.67,3185,3.33,54709,59.16,28630,30.96,9133,9.88,270,94.74
ลพบุรี,LRI,LRI_4,4,"อำเภอพัฒนานิคม, อำเภอชัยบาดาล (ยกเว้นชัยนารายณ์ ศิลาทิพย์ ห้วยหิน ม่วงค่อม มะกอกหวาน นิคมลำนารายณ์ บ้านใหม่สามัคคี), อำเภอท่าหลวง, อำเภอลำสนธิ",149394,106195,71.08,102672,96.68,3523,3.32,60799,59.22,31647,30.82,10226,9.96,265,94.98
สิงห์บุรี,SBR,SBR_1,1,"อำเภอเมืองสิงห์บุรี, อำเภอบางระจัน, อำเภอค่ายบางระจัน, อำเภอพรหมบุรี, อำเภอท่าช้าง, อำเภออินทร์บุรี",167173,116868,69.91,113472,97.09,3396,2.91,61904,54.55,38794,34.19,12774,11.26,314,94.86
ชัยนาท,CNT,CNT_1,1,"อำเภอเมืองชัยนาท, อำเภอมโนรมย์, อำเภอวัดสิงห์ (ยกเว้นบ่อแร่ วังหมัน), อำเภอสรรพยา",131155,85612,65.28,83057,97.02,2555,2.98,44818,53.96,28116,33.85,10123,12.19,239,94.84
ชัยนาท,CNT,CNT_2,2,"อำเภอวัดสิงห์ (เฉพาะบ่อแร่ วังหมัน), อำเภอสรรคบุรี, อำเภอหันคา, อำเภอหนองมะโมง, อำเภอเนินขาม",130424,85553,65.6,82164,96.04,3389,3.96,45909,55.87,25980,31.62,10275,12.51,247,95
สระบุรี,SRI,SRI_1,1,"อำเภอเมืองสระบุรี (ยกเว้นหนองโน), อำเภอแก่งคอย (เฉพาะห้วยแห้ง), อำเภอเฉลิมพระเกียรติ (เฉพาะเขาดินพัฒนา บ้านแก้ง ผึ้งรวง พุแค ห้วยบง หน้าพระลาน)",128124,88818,69.32,86563,97.46,2255,2.54,52258,60.37,26158,30.22,8147,9.41,205,94.91
สระบุรี,SRI,SRI_2,2,"อำเภอแก่งคอย (ยกเว้นห้วยแห้ง), อำเภอมวกเหล็ก, อำเภอวังม่วง",136691,98095,71.76,95258,97.11,2837,2.89,59052,61.99,26885,28.22,9321,9.79,229,94.63
สระบุรี,SRI,SRI_3,3,"อำเภอเมืองสระบุรี (เฉพาะหนองโน), อำเภอหนองแค, อำเภอวิหารแดง, อำเภอหนองแซง",125851,72872,57.9,70950,97.36,1922,2.64,43831,61.78,19994,28.18,7125,10.04,195,94.66
สระบุรี,SRI,SRI_4,4,"อำเภอบ้านหมอ, อำเภอดอนพุด, อำเภอหนองโดน, อำเภอพระพุทธบาท, อำเภอเสาไห้",128318,93291,72.7,90558,97.07,2733,2.93,54334,60.0,26448,29.21,9776,10.8,220,94.83
ชลบุรี,CBI,CBI_1,1,อำเภอเมืองชลบุรี (เฉพาะหนองรี หนองข้างคอก เหมือง เสม็ด ห้วยกะปิ บ้านปึก อ่างศิลา แสนสุข),133544,111440,83.45,109613,98.36,1827,1.64,72384,66.04,30806,28.1,6423,5.86,161,94.71
ชลบุรี,CBI,CBI_2,2,อำเภอเมืองชลบุรี (เฉพาะนาป่า บ้านสวน บางทราย บางปลาสร้อย มะขามหย่ง บ้านโขด),113941,76145,66.83,74772,98.2,1373,1.8,44433,59.42,25024,33.47,5315,7.11,124,94.66
ชลบุรี,CBI,CBI_3,3,"อำเภอเมืองชลบุรี (เฉพาะคลองตำหรุ สำนักบก ดอนหัวฬ่อ หนองไม้แดง), อำเภอบ้านบึง (ยกเว้นบ้านบึง คลองกิ่ว หนองอิรุณ หนองไผ่แก้ว), อำเภอพานทอง",127184,92422,72.67,90348,97.76,2074,2.24,57943,64.13,24786,27.43,7619,8.43,168,94.92
ชลบุรี,CBI,CBI_4,4,"อำเภอบ้านบึง (ยกเว้นมาบไผ่ หนองซ้ำซาก หนองบอนแดง หนองชาก), อำเภอหนองใหญ่, อำเภอบ่อทอง",120269,86427,71.86,83769,96.92,2658,3.08,48664,58.09,27272,32.56,7833,9.35,171,94.48
ชลบุรี,CBI,CBI_5,5,"อำเภอพนัสนิคม, อำเภอเกาะจันทร์",134984,94580,70.07,91991,97.26,2589,2.74,50221,54.59,32080,34.87,9690,10.53,204,94.88
ชลบุรี,CBI,CBI_6,6,"อำเภอศรีราชา (ยกเว้นหนองขาม เขาคันทรง บ่อวิน บึง), อำเภอเกาะสีชัง",138570,103284,74.54,101470,98.24,1814,1.76,68839,67.84,26383,26.0,6248,6.16,166,94.86
ชลบุรี,CBI,CBI_7,7,อำเภอศรีราชา (ยกเว้นบางพระ สุรศักดิ์ ทุ่งสุขลา ศรีราชา),127875,92236,72.13,90740,98.38,1496,1.62,66614,73.41,18592,20.49,5534,6.1,152,94.41
ชลบุรี,CBI,CBI_8,8,อำเภอบางละมุง (ยกเว้นหนองปรือ),140456,84715,60.31,82912,97.87,1803,2.13,54737,66.02,21246,25.62,6929,8.36,170,94.97
ชลบุรี,CBI,CBI_9,9,อำเภอบางละมุง (เฉพาะหนองปรือ),122755,64914,52.88,63676,98.09,1238,1.91,43101,67.69,15726,24.7,4849,7.62,154,94.48
ชลบุรี,CBI,CBI_10,10,อำเภอสัตหีบ,134689,81574,60.56,80127,98.23,1447,1.77,47761,59.61,25453,31.77,6913,8.63,166,94.86
ระยอง,RYG,RYG_1,1,"อำเภอเมืองระยอง (เฉพาะบ้านแลง นาตาขวัญ เนินพระ น้ำคอก ทับมา ห้วยโป่ง มาบตาพุด), อำเภอบ้านค่าย (เฉพาะตาขัน), อำเภอนิคมพัฒนา (เฉพาะมาบข่า)",121744,89162,73.24,87734,98.4,1428,1.6,58674,66.88,22530,25.68,6530,7.44,168,94.92
ระยอง,RYG,RYG_2,2,อำเภอเมืองระยอง (ยกเว้นบ้านแลง นาตาขวัญ น้ำคอก ทับมา ห้วยโป่ง มาบตาพุด),116647,72014,61.74,70736,98.23,1278,1.77,42793,60.5,22034,31.15,5909,8.35,189,94.97
ระยอง,RYG,RYG_3,3,"อำเภอแกลง, อำเภอเขาชะเมา",124374,79217,63.69,77492,97.82,1725,2.18,43975,56.75,24362,31.44,9155,11.81,230,94.65
ระยอง,RYG,RYG_4,4,"อำเภอวังจันทร์, อำเภอบ้านค่าย (ยกเว้นตาขัน), อำเภอปลวกแดง (ยกเว้นแม่น้ำคู้)",129476,51909,40.09,50600,97.48,1309,2.52,29897,59.08,15381,30.4,5322,10.52,114,58.76
ระยอง,RYG,RYG_5,5,"อำเภอนิคมพัฒนา (ยกเว้นมาบข่า), อำเภอบ้านฉาง, อำเภอปลวกแดง (เฉพาะแม่น้ำคู้)",129567,91127,70.33,89401,98.11,1726,1.89,62519,69.93,20023,22.4,6859,7.67,167,94.89
จันทบุรี,CTI,CTI_1,1,"อำเภอเมืองจันทบุรี, อำเภอมะขาม (ยกเว้นปัถวี ฉมัน), อำเภอแหลมสิงห์",148028,102849,69.48,100657,97.87,2192,2.13,55137,54.78,35519,35.29,10001,9.94,278,94.88
จันทบุรี,CTI,CTI_2,2,"อำเภอท่าใหม่, อำเภอแก่งหางแมว, อำเภอนายายอาม, อำเภอเขาคิชฌกูฏ",142477,94942,66.64,92577,97.51,2365,2.49,48951,52.88,32107,34.68,11519,12.44,271,94.76
จันทบุรี,CTI,CTI_3,3,"อำเภอขลุง, อำเภอโป่งน้ำร้อน, อำเภอมะขาม (เฉพาะปัถวี ฉมัน), อำเภอสอยดาว",142287,93040,65.39,90451,97.22,2589,2.78,46952,51.91,32408,35.83,11091,12.26,279,94.9
ตราด,TRT,TRT_1,1,"อำเภอเมืองตราด, อำเภอคลองใหญ่, อำเภอเขาสมิง, อำเภอบ่อไร่, อำเภอแหลมงอบ, อำเภอเกาะกูด, อำเภอเกาะช้าง",176920,113261,64.02,110400,97.47,2861,2.53,54279,49.17,44523,40.33,11598,10.51,327,94.78
ฉะเชิงเทรา,CCO,CCO_1,1,"อำเภอเมืองฉะเชิงเทรา, อำเภอบ้านโพธิ์ (เฉพาะเกาะไร่ คลองประเวศ เทพราช บางกรูด)",146573,106958,72.97,104949,98.12,2009,1.88,63269,60.29,32104,30.59,9576,9.12,242,94.9
ฉะเชิงเทรา,CCO,CCO_2,2,"อำเภอบางคล้า, อำเภอบางน้ำเปรี้ยว, อำเภอพนมสารคาม (เฉพาะพนมสารคาม หนองยาว), อำเภอราชสาส์น, อำเภอคลองเขื่อน",145059,111597,76.93,108411,97.15,3186,2.85,60492,55.8,37115,34.24,10804,9.97,262,94.93
ฉะเชิงเทรา,CCO,CCO_3,3,"อำเภอพนมสารคาม (ยกเว้นพนมสารคาม หนองยาว), อำเภอสนามชัยเขต, อำเภอท่าตะเกียบ",148423,95809,64.55,92782,96.84,3027,3.16,56658,61.07,26920,29.01,9204,9.92,244,94.94
ฉะเชิงเทรา,CCO,CCO_4,4,"อำเภอบางปะกง, อำเภอบ้านโพธิ์ (ยกเว้นเกาะไร่ คลองประเวศ เทพราช บางกรูด), อำเภอแปลงยาว",151927,118734,78.15,115889,97.6,2845,2.4,73552,63.47,31937,27.56,10400,8.97,242,94.9
ปราจีนบุรี,PRI,PRI_1,1,"อำเภอเมืองปราจีนบุรี, อำเภอบ้านสร้าง, อำเภอศรีมโหสถ",132597,88662,66.87,86696,97.78,1966,2.22,48948,56.46,28348,32.7,9400,10.84,227,94.98
ปราจีนบุรี,PRI,PRI_2,2,"อำเภอนาดี (ยกเว้นทุ่งโพธิ์ แก่งดินสอ), อำเภอประจันตคาม, อำเภอศรีมหาโพธิ",141803,103652,73.1,101262,97.69,2390,2.31,63706,62.91,28253,27.9,9303,9.19,279,94.9
ปราจีนบุรี,PRI,PRI_3,3,"อำเภอกบินทร์บุรี, อำเภอนาดี (เฉพาะทุ่งโพธิ์ แก่งดินสอ)",129130,87196,67.53,84862,97.32,2334,2.68,50110,59.05,26152,30.82,8600,10.13,247,95
นครนายก,NYK,NYK_1,1,"อำเภอเมืองนครนายก, อำเภอปากพลี",104054,77669,74.64,75450,97.14,2219,2.86,41487,54.99,26134,34.64,7829,10.38,197,94.71
นครนายก,NYK,NYK_2,2,"อำเภอบ้านนา, อำเภอองครักษ์",108945,81145,74.48,78887,97.22,2258,2.78,44840,56.84,25843,32.76,8204,10.4,240,94.86
สระแก้ว,SKW,SKW_1,1,"อำเภอเมืองสระแก้ว, อำเภอวังน้ำเย็น (เฉพาะทุ่งมหาเจริญ), อำเภอเขาฉกรรจ์",147502,89345,60.57,86649,96.98,2696,3.02,48055,55.46,29891,34.5,8703,10.04,274,94.81
สระแก้ว,SKW,SKW_2,2,"อำเภอคลองหาด, อำเภอวังน้ำเย็น (ยกเว้นทุ่งมหาเจริญ), อำเภอวัฒนานคร (ยกเว้นช่องกุ่ม แซร์ออ), อำเภอวังสมบูรณ์",145146,88006,60.63,85536,97.19,2470,2.81,46194,54.01,30321,35.45,9021,10.55,288,94.74
สระแก้ว,SKW,SKW_3,3,"อำเภอตาพระยา, อำเภอวัฒนานคร (เฉพาะช่องกุ่ม แซร์ออ), อำเภออรัญประเทศ, อำเภอโคกสูง",151047,93113,61.65,90233,96.91,2880,3.09,45605,50.54,35211,39.02,9417,10.44,286,94.7
นครราชสีมา,NMA,NMA_1,1,อำเภอเมืองนครราชสีมา (เฉพาะโพธิ์กลาง หนองไผ่ล้อม ในเมือง),128667,86050,66.88,84403,98.09,1647,1.91,50856,60.25,27213,32.24,6334,7.5,226,94.96
นครราชสีมา,NMA,NMA_2,2,อำเภอเมืองนครราชสีมา (เฉพาะโคกสูง มะเริง หนองระเวียง บ้านเกาะ บ้านโพธิ์ จอหอ หนองบัวศาลา ตลาด พะเนา หนองไข่น้ำ หัวทะเล),141222,95793,67.83,93584,97.69,2209,2.31,58990,63.03,25942,27.72,8652,9.25,204,94.88
นครราชสีมา,NMA,NMA_3,3,"อำเภอเมืองนครราชสีมา (เฉพาะหนองจะบก หมื่นไวย พลกรัง บ้านใหม่ พุดซา ไชยมงคล สุรนารี สีมุม หนองกระทุ่ม โคกกรวด ปรุใหญ่), อำเภอโนนไทย (เฉพาะด่านจาก กำปัง สำโรง)",136549,93235,68.28,91127,97.74,2108,2.26,56411,61.9,26686,29.28,8030,8.81,220,94.83
นครราชสีมา,NMA,NMA_4,4,"อำเภอโนนไทย (ยกเว้นด่านจาก กำปัง สำโรง), อำเภอสูงเนิน, อำเภอขามทะเลสอ",131758,85135,64.61,82964,97.45,2171,2.55,49523,59.69,24649,29.71,8792,10.6,288,94.74
นครราชสีมา,NMA,NMA_5,5,"อำเภอโนนสูง, อำเภอพิมาย (เฉพาะสัมฤทธิ์ กระเบื้องใหญ่ ท่าหลวง ชีวาน), อำเภอเฉลิมพระเกียรติ (เฉพาะช้างทอง ท่าช้าง)",133508,86302,64.64,83444,96.69,2858,3.31,46605,55.85,27385,32.82,9454,11.33,279,94.9
นครราชสีมา,NMA,NMA_6,6,"อำเภอบัวใหญ่, อำเภอแก้งสนามนาง, อำเภอบัวลาย, อำเภอสีดา",133507,76115,57.01,73881,97.06,2234,2.94,44285,59.94,23411,31.69,6185,8.37,289,94.75
นครราชสีมา,NMA,NMA_7,7,"อำเภอประทาย, อำเภอโนนแดง, อำเภอเมืองยาง, อำเภอลำทะเมนชัย",131810,72271,54.83,70051,96.93,2220,3.07,41054,58.61,22993,32.82,6004,8.57,312,94.83
นครราชสีมา,NMA,NMA_8,8,"อำเภอพิมาย (ยกเว้นสัมฤทธิ์ กระเบื้องใหญ่ ท่าหลวง ชีวาน), อำเภอชุมพวง (ยกเว้นตลาดไทร โนนตูม)",133816,78035,58.32,75862,97.22,2173,2.78,42926,56.58,24580,32.4,8356,11.01,276,94.85
นครราชสีมา,NMA,NMA_9,9,"อำเภอจักราช, อำเภอห้วยแถลง, อำเภอชุมพวง (เฉพาะตลาดไทร โนนตูม)",135762,82841,61.02,80406,97.06,2435,2.94,44838,55.76,27450,34.14,8118,10.1,283,94.97
นครราชสีมา,NMA,NMA_10,10,"อำเภอครบุรี (ยกเว้นโคกกระชาย มาบตะโกเอน ลำเพียก ตะแบกบาน สระว่านพระยา), อำเภอโชคชัย, อำเภอเฉลิมพระเกียรติ (เฉพาะพระพุทธ หนองงูเหลือม หนองยาง)",138144,102327,74.07,98516,96.28,3811,3.72,53713,54.52,33574,34.08,11229,11.4,285,94.68
นครราชสีมา,NMA,NMA_11,11,"อำเภอครบุรี (เฉพาะโคกกระชาย มาบตะโกเอน ลำเพียก ตะแบกบาน สระว่านพระยา), อำเภอเสิงสาง, อำเภอหนองบุญมาก",132460,85473,64.53,83150,97.28,2323,2.72,48056,57.79,25261,30.38,9833,11.83,256,94.81
นครราชสีมา,NMA,NMA_12,12,"อำเภอปักธงชัย, อำเภอวังน้ำเขียว",132505,85752,64.72,83190,97.01,2562,2.99,48789,58.65,25421,30.56,8980,10.79,308,94.77
นครราชสีมา,NMA,NMA_13,13,"อำเภอสีคิ้ว, อำเภอปากช่อง (เฉพาะวังกะทะ โป่งตาลอง คลองม่วง วังไทร)",130106,71432,54.9,69513,97.31,1919,2.69,42897,61.71,19296,27.76,7320,10.53,268,94.7
นครราชสีมา,NMA,NMA_14,14,อำเภอปากช่อง (ยกเว้นวังกะทะ โป่งตาลอง คลองม่วง วังไทร),130825,79842,61.03,78093,97.81,1749,2.19,49309,63.14,21169,27.11,7615,9.75,226,94.96
นครราชสีมา,NMA,NMA_15,15,"อำเภอด่านขุนทด, อำเภอเทพารักษ์, อำเภอพระทองคำ (เฉพาะมาบกราด ทัพรั้ง)",138615,90202,65.07,87875,97.42,2327,2.58,55666,63.35,24762,28.18,7447,8.47,311,94.82
นครราชสีมา,NMA,NMA_16,16,"อำเภอคง, อำเภอบ้านเหลื่อม, อำเภอขามสะแกแสง, อำเภอพระทองคำ (ยกเว้นมาบกราด ทัพรั้ง)",136001,78200,57.5,75834,96.97,2366,3.03,44661,58.89,24101,31.78,7072,9.33,321,94.97
บุรีรัมย์,BRM,BRM_4,4,"อำเภอสตึก, อำเภอบ้านด่าน (ยกเว้นปราสาท บ้านด่าน), อำเภอแคนดง",121519,64824,53.34,62581,96.54,2243,3.46,32368,51.72,24259,38.76,5954,9.51,255,94.8
บุรีรัมย์,BRM,BRM_1,1,"อำเภอเมืองบุรีรัมย์ (ยกเว้นเสม็ด สวายจีก สองห้อง หลักเขต สะแกซำ เมืองฝาง อิสาณ), อำเภอบ้านด่าน (ยกเว้นวังเหนือ โนนขวาง)",125325,76525,61.06,73966,96.66,2559,3.34,37161,50.24,29559,39.96,7246,9.8,259,94.87
บุรีรัมย์,BRM,BRM_2,2,"อำเภอเมืองบุรีรัมย์ (เฉพาะเสม็ด สวายจีก สองห้อง หลักเขต สะแกซำ เมืองฝาง อิสาณ), อำเภอประโคนชัย (เฉพาะไพศาล), อำเภอพลับพลาชัย (ยกเว้นโคกขมิ้น ป่าชัน), อำเภอชำนิ",127640,68042,53.31,65735,96.61,2307,3.39,30755,46.79,28819,43.84,6161,9.37,261,94.91
บุรีรัมย์,BRM,BRM_3,3,"อำเภอกระสัง, อำเภอพลับพลาชัย (เฉพาะโคกขมิ้น ป่าชัน), อำเภอห้วยราช",125637,67770,53.94,65574,96.76,2196,3.24,28354,43.24,32422,49.44,4798,7.32,265,94.98
บุรีรัมย์,BRM,BRM_5,5,"อำเภอคูเมือง (ยกเว้นพรสำราญ), อำเภอพุทไธสง, อำเภอนาโพธิ์, อำเภอบ้านใหม่ไชยพจน์",131438,72902,55.46,70592,96.83,2310,3.17,36094,51.13,27985,39.64,6513,9.23,300,94.94
บุรีรัมย์,BRM,BRM_6,6,"อำเภอคูเมือง (เฉพาะพรสำราญ), อำเภอลำปลายมาศ, อำเภอหนองหงส์ (เฉพาะไทยสามัคคี เสาเดียว สระทอง)",130776,70277,53.74,68381,97.3,1896,2.7,31867,46.6,30743,44.96,5771,8.44,292,94.81
บุรีรัมย์,BRM,BRM_7,7,"อำเภอหนองกี่, อำเภอปะคำ (ยกเว้นหูทำนบ ปะคำ), อำเภอหนองหงส์ (ยกเว้นไทยสามัคคี เสาเดียว สระทอง), อำเภอโนนสุวรรณ",123023,70399,57.22,68323,97.05,2076,2.95,36860,53.95,24553,35.94,6910,10.11,255,94.8
บุรีรัมย์,BRM,BRM_8,8,"อำเภอนางรอง, อำเภอปะคำ (เฉพาะหูทำนบ ปะคำ), อำเภอโนนดินแดง (เฉพาะโนนดินแดง), อำเภอเฉลิมพระเกียรติ (เฉพาะเจริญสุข ถาวร)",126975,74887,58.98,72811,97.23,2076,2.77,37602,51.64,27355,37.57,7854,10.79,264,94.96
บุรีรัมย์,BRM,BRM_9,9,"อำเภอละหานทราย, อำเภอบ้านกรวด (ยกเว้นโนนเจริญ สายตะกู หินลาด เขาดินเหนือ), อำเภอโนนดินแดง (ยกเว้นโนนดินแดง), อำเภอเฉลิมพระเกียรติ (เฉพาะอีสานเขต ยายแย้มวัฒนา ตาเป๊ก)",127988,65883,51.48,63448,96.3,2435,3.7,28735,45.29,28018,44.16,6695,10.55,237,94.8
บุรีรัมย์,BRM,BRM_10,10,"อำเภอประโคนชัย (ยกเว้นไพศาล), อำเภอบ้านกรวด (เฉพาะโนนเจริญ สายตะกู หินลาด เขาดินเหนือ)",121301,65116,53.68,62538,96.04,2578,3.96,27341,43.72,28776,46.01,6421,10.27,209,94.57
สุรินทร์,SRN,SRN_1,1,"อำเภอเมืองสุรินทร์ (เฉพาะตาอ็อง สำโรง นอกเมือง คอโค สวาย เฉนียง เทนมีย์ นาบัว ตระแสง ในเมือง), อำเภอศีขรภูมิ (เฉพาะหนองเหล็ก ตรมไพร)",136098,81695,60.03,79553,97.38,2142,2.62,43349,54.49,29090,36.57,7114,8.94,233,94.72
สุรินทร์,SRN,SRN_2,2,"อำเภอเมืองสุรินทร์ (ยกเว้นตาอ็อง สำโรง นอกเมือง คอโค สวาย เฉนียง เทนมีย์ นาบัว ตระแสง ในเมือง), อำเภอศีขรภูมิ (เฉพาะจารพัต แตล ช่างปี่), อำเภอเขวาสินรินทร์",140119,80644,57.55,78179,96.94,2465,3.06,43922,56.18,27222,34.82,7035,9.0,249,94.68
สุรินทร์,SRN,SRN_3,3,"อำเภอท่าตูม (ยกเว้นพรมเทพ โพนครก ทุ่งกุลา), อำเภอจอมพระ, อำเภอสนม (ยกเว้นหัวงัว)",137394,72539,52.8,70313,96.93,2226,3.07,39935,56.8,24119,34.3,6259,8.9,299,94.92
สุรินทร์,SRN,SRN_4,4,"อำเภอชุมพลบุรี, อำเภอท่าตูม (เฉพาะพรมเทพ โพนครก ทุ่งกุลา), อำเภอรัตนบุรี (ยกเว้นเบิด ยางสว่าง)",139651,72348,51.81,70400,97.31,1948,2.69,42220,59.97,22258,31.62,5922,8.41,291,94.79
สุรินทร์,SRN,SRN_5,5,"อำเภอรัตนบุรี (เฉพาะเบิด ยางสว่าง), อำเภอสนม (เฉพาะหัวงัว), อำเภอศีขรภูมิ (ยกเว้นจารพัต แตล หนองเหล็ก ช่างปี่ กุดหวาย ตรมไพร ผักไหม), อำเภอสำโรงทาบ, อำเภอโนนนารายณ์",135554,69343,51.16,67178,96.88,2165,3.12,39798,59.24,22350,33.27,5030,7.49,299,94.92
สุรินทร์,SRN,SRN_6,6,"อำเภอศีขรภูมิ (เฉพาะกุดหวาย ผักไหม), อำเภอสังขะ (ยกเว้นตาตุม เทพรักษา), อำเภอศรีณรงค์",134172,69489,51.79,67095,96.55,2394,3.45,35466,52.86,25671,38.26,5958,8.88,257,94.83
สุรินทร์,SRN,SRN_7,7,"อำเภอปราสาท (ยกเว้นโชคนาสาม), อำเภอลำดวน",136448,82564,60.51,80116,97.04,2448,2.96,41415,51.69,30972,38.66,7729,9.65,276,94.85
สุรินทร์,SRN,SRN_8,8,"อำเภอปราสาท (เฉพาะโชคนาสาม), อำเภอกาบเชิง, อำเภอสังขะ (เฉพาะตาตุม เทพรักษา), อำเภอบัวเชด, อำเภอพนมดงรัก",136843,75984,55.53,73358,96.54,2626,3.46,37955,51.74,28112,38.32,7291,9.94,246,94.98
ศรีสะเกษ,SSK,SSK_1,1,"อำเภอเมืองศรีสะเกษ, อำเภอวังหิน (ยกเว้นดวนใหญ่ ศรีสำราญ วังหิน โพนยาง)",132927,80003,60.19,77743,97.18,2260,2.82,47022,60.48,24207,31.14,6514,8.38,272,94.77
ศรีสะเกษ,SSK,SSK_2,2,"อำเภอกันทรารมย์, อำเภอโนนคูณ (เฉพาะบก โพธิ์), อำเภอน้ำเกลี้ยง",128729,73995,57.48,71924,97.2,2071,2.8,44307,61.6,21342,29.67,6275,8.72,271,94.76
ศรีสะเกษ,SSK,SSK_3,3,"อำเภอกันทรลักษ์ (เฉพาะตระกาจ จานใหญ่ ภูเงิน กระแชง), อำเภอโนนคูณ (ยกเว้นบก โพธิ์), อำเภอศรีรัตนะ, อำเภอเบญจลักษ์",128000,73479,57.41,70898,96.49,2581,3.51,38961,54.95,25045,35.33,6892,9.72,275,94.83
ศรีสะเกษ,SSK,SSK_4,4,อำเภอกันทรลักษ์ (ยกเว้นตระกาจ จานใหญ่ ภูเงิน กระแชง),122479,72760,59.41,70181,96.46,2579,3.54,36142,51.5,27324,38.93,6715,9.57,228,94.61
ศรีสะเกษ,SSK,SSK_5,5,"อำเภอขุนหาญ, อำเภอภูสิงห์",127678,74259,58.16,71495,96.28,2764,3.72,39088,54.67,25187,35.23,7220,10.1,230,94.65
ศรีสะเกษ,SSK,SSK_6,6,"อำเภอขุขันธ์, อำเภอไพรบึง (เฉพาะสำโรงพลัน)",128761,64800,50.33,62664,96.7,2136,3.3,37914,60.5,19521,31.15,5229,8.34,296,94.87
ศรีสะเกษ,SSK,SSK_7,7,"อำเภอไพรบึง (ยกเว้นสำโรงพลัน), อำเภอปรางค์กู่, อำเภอวังหิน (ยกเว้นธาตุ บ่อแก้ว ทุ่งสว่าง บุสูง), อำเภอพยุห์",127528,71579,56.13,69192,96.67,2387,3.33,44197,63.88,19394,28.03,5601,8.09,323,95
ศรีสะเกษ,SSK,SSK_8,8,"อำเภออุทุมพรพิสัย, อำเภอห้วยทับทัน, อำเภอเมืองจันทร์",133339,75048,56.28,72187,96.19,2861,3.81,40942,56.72,24300,33.66,6945,9.62,359,94.97
ศรีสะเกษ,SSK,SSK_9,9,"อำเภอยางชุมน้อย, อำเภอราษีไศล, อำเภอบึงบูรพ์, อำเภอโพธิ์ศรีสุวรรณ, อำเภอศิลาลาด",139255,79664,57.21,77642,97.46,2022,2.54,49652,63.95,21922,28.23,6068,7.82,400,94.79
อุบลราชธานี,UBN,UBN_1,1,อำเภอเมืองอุบลราชธานี (ยกเว้นหัวเรือ หนองขอน ไร่น้อย ขี้เหล็ก ปะอาว),132544,86507,65.27,84900,98.14,1607,1.86,52670,62.04,25067,29.53,7163,8.44,233,94.72
อุบลราชธานี,UBN,UBN_2,2,"อำเภอเมืองอุบลราชธานี (เฉพาะหัวเรือ หนองขอน ไร่น้อย ขี้เหล็ก ปะอาว), อำเภอเขื่องใน",136569,84935,62.19,82585,97.23,2350,2.77,45735,55.38,28403,34.39,8447,10.23,270,94.74
อุบลราชธานี,UBN,UBN_3,3,"อำเภอม่วงสามสิบ, อำเภอตาลสุม, อำเภอดอนมดแดง, อำเภอเหล่าเสือโก้ก",139753,81364,58.22,79179,97.31,2185,2.69,42631,53.84,28061,35.44,8487,10.72,316,94.89
อุบลราชธานี,UBN,UBN_4,4,"อำเภอวารินชำราบ, อำเภอสำโรง (เฉพาะสำโรง โคกก่อง บอน)",150372,101239,67.33,98781,97.57,2458,2.43,62224,62.99,27463,27.8,9094,9.21,289,94.75
อุบลราชธานี,UBN,UBN_5,5,"อำเภอตระการพืชผล, อำเภอกุดข้าวปุ้น",131064,75141,57.33,73231,97.46,1910,2.54,40204,54.9,26396,36.04,6631,9.05,304,95
อุบลราชธานี,UBN,UBN_6,6,"อำเภอเขมราฐ, อำเภอโพธิ์ไทร, อำเภอนาตาล",132041,74461,56.39,71708,96.3,2753,3.7,39822,55.53,25227,35.18,6659,9.29,262,94.93
อุบลราชธานี,UBN,UBN_7,7,"อำเภอศรีเมืองใหม่, อำเภอโขงเจียม, อำเภอพิบูลมังสาหาร (เฉพาะทรายมูล ระเว), อำเภอสิรินธร (ยกเว้นโนนก่อ)",131286,80119,61.03,77500,96.73,2619,3.27,43838,56.57,26264,33.89,7398,9.55,268,94.7
อุบลราชธานี,UBN,UBN_8,8,"อำเภอพิบูลมังสาหาร (ยกเว้นทรายมูล ระเว), อำเภอนาเยีย, อำเภอสว่างวีระวงศ์",137335,82409,60.01,79662,96.67,2747,3.33,42569,53.44,29021,36.43,8072,10.13,278,94.88
อุบลราชธานี,UBN,UBN_9,9,"อำเภอนาจะหลวย, อำเภอบุณฑริก, อำเภอสิรินธร (เฉพาะโนนก่อ)",130180,74007,56.85,71809,97.03,2198,2.97,40170,55.94,24986,34.8,6653,9.26,229,94.63
อุบลราชธานี,UBN,UBN_10,10,"อำเภอเดชอุดม (เฉพาะทุ่งเทิง), อำเภอน้ำยืน, อำเภอสำโรง (ยกเว้นสำโรง โคกก่อง บอน), อำเภอทุ่งศรีอุดม, อำเภอน้ำขุ่น",141283,78485,55.55,75933,96.75,2552,3.25,40343,53.13,27970,36.84,7620,10.04,303,94.98
อุบลราชธานี,UBN,UBN_11,11,อำเภอเดชอุดม (ยกเว้นทุ่งเทิง),135372,77533,57.27,75303,97.12,2230,2.88,40563,53.87,27458,36.46,7282,9.67,232,94.69
ยโสธร,YST,YST_1,1,"อำเภอเมืองยโสธร, อำเภอทรายมูล, อำเภอคำเขื่อนแก้ว (เฉพาะทุ่งมน), อำเภอป่าติ้ว (เฉพาะกระจาย ศรีฐาน)",144704,92510,63.93,89725,96.99,2785,3.01,57375,63.95,24516,27.32,7834,8.73,289,94.75
ยโสธร,YST,YST_2,2,"อำเภอคำเขื่อนแก้ว (ยกเว้นทุ่งมน), อำเภอป่าติ้ว (ยกเว้นกระจาย ศรีฐาน), อำเภอมหาชนะชัย, อำเภอค้อวัง, อำเภอไทยเจริญ (เฉพาะน้ำคำ คำไผ่)",141190,80785,57.22,78694,97.41,2091,2.59,50694,64.42,21285,27.05,6715,8.53,289,94.75
ยโสธร,YST,YST_3,3,"อำเภอกุดชุม, อำเภอเลิงนกทา, อำเภอไทยเจริญ (ยกเว้นน้ำคำ คำไผ่)",146614,85908,58.59,83833,97.58,2075,2.42,54395,64.88,22871,27.28,6567,7.83,294,94.84
ชัยภูมิ,CPM,CPM_1,1,อำเภอเมืองชัยภูมิ (ยกเว้นท่าหินโงม ห้วยต้อน ซับสีทอง),129441,16127,12.46,15739,97.59,388,2.41,10268,65.24,4119,26.17,1352,8.59,56,21.46
ชัยภูมิ,CPM,CPM_2,2,"อำเภอบ้านเขว้า, อำเภอจัตุรัส, อำเภอเนินสง่า, อำเภอซับใหญ่",133561,78341,58.66,76100,97.14,2241,2.86,47117,61.91,21016,27.62,7967,10.47,325,94.75
ชัยภูมิ,CPM,CPM_3,3,"อำเภอบำเหน็จณรงค์, อำเภอหนองบัวระเหว, อำเภอเทพสถิต",127154,71235,56.02,68762,96.53,2473,3.47,41754,60.72,19991,29.07,7017,10.2,290,94.77
ชัยภูมิ,CPM,CPM_4,4,"อำเภอเมืองชัยภูมิ (เฉพาะห้วยต้อน), อำเภอเกษตรสมบูรณ์ (เฉพาะหนองข่า), อำเภอหนองบัวแดง, อำเภอภักดีชุมพล",121184,55405,45.72,53562,96.67,1843,3.33,32989,61.59,15880,29.65,4693,8.76,176,76.52
ชัยภูมิ,CPM,CPM_5,5,"อำเภอเกษตรสมบูรณ์ (ยกเว้นหนองข่า), อำเภอคอนสาร",132089,79029,59.83,76347,96.61,2682,3.39,47018,61.58,22649,29.67,6680,8.75,252,94.74
ชัยภูมิ,CPM,CPM_6,6,"อำเภอภูเขียว, อำเภอบ้านแท่น",134526,79140,58.83,76222,96.31,2918,3.69,47425,62.22,22177,29.1,6620,8.69,256,94.81
ชัยภูมิ,CPM,CPM_7,7,"อำเภอเมืองชัยภูมิ (เฉพาะท่าหินโงม ซับสีทอง), อำเภอคอนสวรรค์, อำเภอแก้งคร้อ",126889,76316,60.14,74069,97.06,2247,2.94,47537,64.18,20753,28.02,5779,7.8,270,94.74
อำนาจเจริญ,ACR,ACR_1,1,"อำเภอเมืองอำนาจเจริญ, อำเภอหัวตะพาน",145524,85105,58.48,82913,97.42,2192,2.58,44232,53.35,30889,37.25,7792,9.4,304,94.7
อำนาจเจริญ,ACR,ACR_2,2,"อำเภอชานุมาน, อำเภอปทุมราชวงศา, อำเภอพนา, อำเภอเสนางคนิคม, อำเภอลืออำนาจ",157184,90230,57.4,87526,97.0,2704,3.0,47044,53.75,31352,35.82,9130,10.43,332,94.86
บึงกาฬ,BKN,BKN_1,1,"อำเภอเมืองบึงกาฬ, อำเภอศรีวิไล",104792,67597,64.51,66072,97.74,1525,2.26,44834,67.86,15975,24.18,5263,7.97,205,94.91
บึงกาฬ,BKN,BKN_2,2,"อำเภอเซกา, อำเภอบึงโขงหลง, อำเภอบุ่งคล้า",109412,68942,63.01,67267,97.57,1675,2.43,44918,66.78,16744,24.89,5605,8.33,242,91.32
บึงกาฬ,BKN,BKN_3,3,"อำเภอพรเจริญ, อำเภอโซ่พิสัย, อำเภอปากคาด",118398,69318,58.55,67641,97.58,1677,2.42,45196,66.82,16656,24.62,5789,8.56,244,94.94
หนองบัวลำภู,NBP,NBP_1,1,"อำเภอเมืองหนองบัวลำภู, อำเภอโนนสัง (ยกเว้นหนองเรือ โนนเมือง โคกใหญ่ โคกม่วง นิคมพัฒนา)",139306,82343,59.11,79931,97.07,2412,2.93,51646,64.61,21158,26.47,7127,8.92,255,94.8
หนองบัวลำภู,NBP,NBP_2,2,"อำเภอโนนสัง (ยกเว้นบ้านถิ่น กุดดู่ บ้านค้อ ปางกู่ โนนสัง), อำเภอศรีบุญเรือง, อำเภอนาวัง (ยกเว้นวังปลาป้อม)",136024,74450,54.73,72391,97.23,2059,2.77,47913,66.19,18979,26.22,5499,7.6,255,94.8
หนองบัวลำภู,NBP,NBP_3,3,"อำเภอนากลาง, อำเภอสุวรรณคูหา, อำเภอนาวัง (เฉพาะวังปลาป้อม)",133312,74321,55.75,72295,97.27,2026,2.73,48227,66.71,18048,24.96,6020,8.33,248,94.66
ขอนแก่น,KKN,KKN_1,1,อำเภอเมืองขอนแก่น (เฉพาะพระลับ เมืองเก่า ในเมือง),128250,89243,69.59,87671,98.24,1572,1.76,60523,69.03,21766,24.83,5382,6.14,168,94.92
ขอนแก่น,KKN,KKN_2,2,อำเภอเมืองขอนแก่น (เฉพาะสำราญ โคกสี แดงใหญ่ บึงเนียม ศิลา หนองตูม สาวะถี บ้านเป็ด),138811,93552,67.4,91569,97.88,1983,2.12,61502,67.16,23321,25.47,6746,7.37,168,94.92
ขอนแก่น,KKN,KKN_3,3,"อำเภอน้ำพอง (เฉพาะบัวใหญ่ บ้านขาม บัวเงิน ทรายมูล พังทุย), อำเภอกระนวน, อำเภอเขาสวนกวาง (เฉพาะเขาสวนกวาง คำม่วง), อำเภอซำสูง",132197,83395,63.08,80826,96.92,2569,3.08,53397,66.06,21206,26.24,6223,7.7,250,94.7
ขอนแก่น,KKN,KKN_4,4,"อำเภอน้ำพอง (ยกเว้นบัวใหญ่ บ้านขาม บัวเงิน ทรายมูล พังทุย), อำเภออุบลรัตน์, อำเภอเขาสวนกวาง (ยกเว้นเขาสวนกวาง คำม่วง), อำเภอเมืองขอนแก่น (เฉพาะโนนท่อน บ้านค้อ)",130881,87526,66.87,85020,97.14,2506,2.86,56102,65.99,22286,26.21,6632,7.8,241,94.88
ขอนแก่น,KKN,KKN_5,5,"อำเภอสีชมพู (ยกเว้นนาจาน ซำยาง), อำเภอภูเวียง (ยกเว้นกุดขอนแก่น หนองกุงเซิน), อำเภอหนองนาคำ, อำเภอเวียงเก่า",131801,75512,57.29,73217,96.96,2295,3.04,48146,65.76,19374,26.46,5697,7.78,250,94.7
ขอนแก่น,KKN,KKN_6,6,"อำเภอชุมแพ, อำเภอสีชมพู (เฉพาะนาจาน ซำยาง), อำเภอภูผาม่าน",129906,82046,63.16,79360,96.73,2686,3.27,51640,65.07,21266,26.8,6454,8.13,242,94.9
ขอนแก่น,KKN,KKN_7,7,"อำเภอบ้านฝาง, อำเภอหนองเรือ, อำเภอภูเวียง (เฉพาะกุดขอนแก่น หนองกุงเซิน)",132362,84085,63.53,81252,96.63,2833,3.37,53863,66.29,20951,25.79,6438,7.92,261,94.91
ขอนแก่น,KKN,KKN_8,8,"อำเภอเมืองขอนแก่น (เฉพาะท่าพระ บ้านหว้า ดอนช้าง ดอนหัน บ้านทุ่ม), อำเภอพระยืน, อำเภอมัญจาคีรี",139634,86983,62.29,84350,96.97,2633,3.03,54309,64.39,23076,27.36,6965,8.26,242,94.9
ขอนแก่น,KKN,KKN_9,9,"อำเภอพล, อำเภอแวงใหญ่, อำเภอแวงน้อย",127326,75346,59.18,72953,96.82,2393,3.18,48886,67.01,18926,25.94,5141,7.05,268,94.7
ขอนแก่น,KKN,KKN_10,10,"อำเภอเปือยน้อย, อำเภอหนองสองห้อง, อำเภอชนบท (เฉพาะวังแสง ห้วยแก ปอแดง), อำเภอโคกโพธิ์ไชย, อำเภอโนนศิลา",135705,78995,58.21,76288,96.57,2707,3.43,50400,66.07,20586,26.98,5302,6.95,290,94.46
ขอนแก่น,KKN,KKN_11,11,"อำเภอบ้านไผ่, อำเภอชนบท (ยกเว้นวังแสง ห้วยแก ปอแดง), อำเภอบ้านแฮด",131498,80728,61.39,78215,96.89,2513,3.11,49677,63.51,22028,28.16,6510,8.32,251,94.72
อุดรธานี,UDN,UDN_1,1,อำเภอเมืองอุดรธานี (เฉพาะหนองบัว นาดี บ้านเลื่อม หมากแข้ง),129255,75982,58.78,74666,98.27,1316,1.73,49318,66.05,19920,26.68,5428,7.27,210,94.59
อุดรธานี,UDN,UDN_2,2,อำเภอเมืองอุดรธานี (เฉพาะบ้านตาด โนนสูง หมูม่น หนองนาคำ กุดสระ สามพร้าว นาข่า บ้านจั่น หนองขอนกว้าง นากว้าง),132878,64816,48.78,63181,97.48,1635,2.52,42607,67.44,15037,23.8,5537,8.76,192,94.58
อุดรธานี,UDN,UDN_3,3,"อำเภอเมืองอุดรธานี (เฉพาะบ้านขาว), อำเภอเพ็ญ, อำเภอสร้างคอม",125830,71316,56.68,69587,97.58,1729,2.42,47380,68.09,17297,24.86,4910,7.06,229,94.63
อุดรธานี,UDN,UDN_4,4,"อำเภอทุ่งฝน, อำเภอบ้านดุง",126481,67339,53.24,65545,97.34,1794,2.66,44273,67.55,16116,24.59,5156,7.87,207,94.95
อุดรธานี,UDN,UDN_5,5,"อำเภอหนองหาน, อำเภอพิบูลย์รักษ์, อำเภอกู่แก้ว (ยกเว้นบ้านจีต โนนทองอินทร์)",119089,66026,55.44,64316,97.41,1710,2.59,43912,68.28,15529,24.14,4875,7.58,216,94.74
อุดรธานี,UDN,UDN_6,6,"อำเภอไชยวาน, อำเภอศรีธาตุ, อำเภอวังสามหมอ, อำเภอกู่แก้ว (ยกเว้นค้อใหญ่ คอนสาย)",126400,72750,57.56,70860,97.4,1890,2.6,45463,64.16,19747,27.87,5650,7.97,228,94.61
อุดรธานี,UDN,UDN_7,7,"อำเภอกุมภวาปี, อำเภอประจักษ์ศิลปาคม, อำเภอเมืองอุดรธานี (เฉพาะหนองไผ่)",128249,66264,51.67,64511,97.35,1753,2.65,43520,67.46,15943,24.71,5048,7.83,228,95
อุดรธานี,UDN,UDN_8,8,"อำเภอเมืองอุดรธานี (เฉพาะหนองไฮ), อำเภอหนองวัวซอ, อำเภอโนนสะอาด, อำเภอหนองแสง",122696,68657,55.96,66839,97.35,1818,2.65,44202,66.13,17088,25.57,5549,8.3,208,94.98
อุดรธานี,UDN,UDN_9,9,"อำเภอเมืองอุดรธานี (เฉพาะนิคมสงเคราะห์ เชียงยืน เชียงพิณ โคกสะอาด), อำเภอกุดจับ, อำเภอบ้านผือ (เฉพาะเขือน้ำ คำบง โนนทอง หนองหัวคู หนองแวง)",124827,73198,58.64,70915,96.88,2283,3.12,47666,67.22,16910,23.85,6339,8.94,223,94.89
อุดรธานี,UDN,UDN_10,10,"อำเภอบ้านผือ (ยกเว้นเขือน้ำ คำบง โนนทอง หนองหัวคู หนองแวง), อำเภอน้ำโสม, อำเภอนายูง",123023,71462,58.09,69545,97.32,1917,2.68,45491,65.41,17527,25.2,6527,9.39,229,94.63
เลย,LEI,LEI_1,1,"อำเภอเมืองเลย, อำเภอเอราวัณ",125703,85249,67.82,83076,97.45,2173,2.55,51482,61.97,24224,29.16,7370,8.87,214,94.69
เลย,LEI,LEI_2,2,"อำเภอวังสะพุง (เฉพาะหนองหญ้าปล้อง โคกขมิ้น ศรีสงคราม), อำเภอภูกระดึง, อำเภอภูหลวง, อำเภอผาขาว, อำเภอหนองหิน",132976,75070,56.45,72558,96.65,2512,3.35,43513,59.97,21798,30.04,7247,9.99,255,94.8
เลย,LEI,LEI_3,3,"อำเภอด่านซ้าย, อำเภอนาแห้ว, อำเภอภูเรือ, อำเภอวังสะพุง (ยกเว้นหนองหญ้าปล้อง โคกขมิ้น ศรีสงคราม)",125561,81771,65.12,79465,97.18,2306,2.82,46503,58.52,24734,31.13,8228,10.35,276,94.85
เลย,LEI,LEI_4,4,"อำเภอนาด้วง, อำเภอเชียงคาน, อำเภอปากชม, อำเภอท่าลี่",123891,77451,62.52,75253,97.16,2198,2.84,47256,62.8,21201,28.17,6796,9.03,243,94.92
หนองคาย,NKI,NKI_1,1,"อำเภอเมืองหนองคาย (ยกเว้นพระธาตุบังพวน เวียงคุก), อำเภอโพนพิสัย (เฉพาะทุ่งหลวง เหล่าต่างคำ สร้างนางขาว), อำเภอสระใคร",139496,85566,61.34,83029,97.04,2537,2.96,54909,66.13,21588,26.0,6532,7.87,280,94.92
หนองคาย,NKI,NKI_2,2,"อำเภอโพนพิสัย (ยกเว้นทุ่งหลวง เหล่าต่างคำ สร้างนางขาว), อำเภอเฝ้าไร่, อำเภอรัตนวาปี",136455,76172,55.82,73906,97.03,2266,2.97,49363,66.79,18902,25.58,5641,7.63,266,95
หนองคาย,NKI,NKI_3,3,"อำเภอเมืองหนองคาย (เฉพาะพระธาตุบังพวน เวียงคุก), อำเภอท่าบ่อ, อำเภอศรีเชียงใหม่, อำเภอสังคม, อำเภอโพธิ์ตาก",137516,77518,56.37,75360,97.22,2158,2.78,50065,66.43,19268,25.57,6027,8.0,247,94.64
มหาสารคาม,MKM,MKM_1,1,อำเภอเมืองมหาสารคาม,123641,93008,75.22,91153,98.01,1855,1.99,64367,70.61,20468,22.45,6318,6.93,223,94.89
มหาสารคาม,MKM,MKM_2,2,"อำเภอแกดำ, อำเภอบรบือ (เฉพาะหนองม่วง บัวมาศ ยาง), อำเภอวาปีปทุม",128380,72245,56.27,70262,97.26,1983,2.74,44304,63.06,20296,28.89,5662,8.06,315,94.88
มหาสารคาม,MKM,MKM_3,3,"อำเภอพยัคฆภูมิพิสัย, อำเภอนาดูน, อำเภอยางสีสุราช",130144,76797,59.01,74714,97.29,2083,2.71,46888,62.76,22608,30.26,5218,6.98,269,94.72
มหาสารคาม,MKM,MKM_4,4,"อำเภอบรบือ (ยกเว้นหนองม่วง บัวมาศ ยาง), อำเภอนาเชือก",126010,75372,59.81,73171,97.08,2201,2.92,46280,63.25,21052,28.77,5839,7.98,275,94.83
มหาสารคาม,MKM,MKM_5,5,"อำเภอโกสุมพิสัย, อำเภอกันทรวิชัย (เฉพาะเขวาใหญ่), อำเภอกุดรัง",133026,75222,56.55,73416,97.6,1806,2.4,48279,65.76,19098,26.01,6039,8.23,323,94.72
มหาสารคาม,MKM,MKM_6,6,"อำเภอกันทรวิชัย (ยกเว้นเขวาใหญ่), อำเภอเชียงยืน, อำเภอชื่นชม",128307,82106,63.99,79990,97.42,2116,2.58,54512,68.15,19801,24.75,5677,7.1,287,94.72
ร้อยเอ็ด,RET,RET_1,1,อำเภอเมืองร้อยเอ็ด,126135,84282,66.82,82471,97.85,1811,2.15,53406,64.76,22488,27.27,6577,7.97,247,94.64
ร้อยเอ็ด,RET,RET_2,2,"อำเภอธวัชบุรี (เฉพาะธวัชบุรี หนองพอก มะอึ), อำเภอโพนทอง (เฉพาะนาอุดม อุ่มเม่า คำนาดี), อำเภอโพธิ์ชัย, อำเภอจังหาร, อำเภอเชียงขวัญ",136719,79838,58.4,77645,97.25,2193,2.75,51411,66.21,19886,25.61,6348,8.18,345,94.78
ร้อยเอ็ด,RET,RET_3,3,"อำเภอโพนทอง (ยกเว้นนาอุดม โพธิ์ศรีสว่าง อุ่มเม่า คำนาดี โคกสูง), อำเภอหนองพอก, อำเภอเมยวดี",133017,74846,56.27,72887,97.38,1959,2.62,47426,65.07,19541,26.81,5920,8.12,285,95
ร้อยเอ็ด,RET,RET_4,4,"อำเภอธวัชบุรี (เฉพาะไพศาล บึงนคร ธงธานี), อำเภอโพนทอง (เฉพาะโพธิ์ศรีสว่าง โคกสูง), อำเภอเสลภูมิ, อำเภอทุ่งเขาหลวง (ยกเว้นเทอดไทย เหล่า)",129528,73369,56.64,71467,97.41,1902,2.59,47811,66.9,18193,25.46,5463,7.64,314,94.86
ร้อยเอ็ด,RET,RET_5,5,"อำเภอธวัชบุรี (เฉพาะหนองไผ่ นิเวศน์ อุ่มเม้า), อำเภอพนมไพร, อำเภออาจสามารถ (ยกเว้นโหรา หนองบัว ขี้เหล็ก บ้านดู่), อำเภอหนองฮี (เฉพาะหนองฮี), อำเภอทุ่งเขาหลวง (เฉพาะเทอดไทย เหล่า)",133199,68223,51.22,66507,97.48,1716,2.52,44896,67.51,15815,23.78,5796,8.71,326,94.77
ร้อยเอ็ด,RET,RET_6,6,"อำเภอสุวรรณภูมิ, อำเภอโพนทราย, อำเภอหนองฮี (ยกเว้นหนองฮี)",130129,69241,53.21,67519,97.51,1722,2.49,46321,68.6,16464,24.38,4734,7.01,283,94.97
ร้อยเอ็ด,RET,RET_7,7,"อำเภอเกษตรวิสัย, อำเภอปทุมรัตต์, อำเภอเมืองสรวง (ยกเว้นหนองผือ เมืองสรวง)",134383,73359,54.59,71560,97.55,1799,2.45,49988,69.85,16846,23.54,4726,6.6,302,94.97
ร้อยเอ็ด,RET,RET_8,8,"อำเภอจตุรพักตรพิมาน, อำเภอธวัชบุรี (เฉพาะเขวาทุ่ง เมืองน้อย ราชธานี), อำเภออาจสามารถ (เฉพาะโหรา หนองบัว ขี้เหล็ก บ้านดู่), อำเภอศรีสมเด็จ, อำเภอเมืองสรวง (เฉพาะหนองผือ เมืองสรวง)",131264,76236,58.08,74396,97.59,1840,2.41,49367,66.36,19107,25.68,5922,7.96,322,94.99
กาฬสินธุ์,KSN,KSN_1,1,"อำเภอเมืองกาฬสินธุ์, อำเภอนามน (เฉพาะยอดแกง), อำเภอสมเด็จ (เฉพาะหนองแวง)",131448,76507,58.2,74567,97.46,1940,2.54,47602,63.84,20806,27.9,6159,8.26,267,94.68
กาฬสินธุ์,KSN,KSN_2,2,"อำเภอยางตลาด, อำเภอฆ้องชัย",126190,76297,60.46,74485,97.63,1812,2.37,50076,67.23,19052,25.58,5357,7.19,249,94.68
กาฬสินธุ์,KSN,KSN_3,3,"อำเภอห้วยเม็ก, อำเภอท่าคันโท, อำเภอหนองกุงศรี",124254,72318,58.2,70121,96.96,2197,3.04,41138,58.67,22832,32.56,6151,8.77,251,94.72
กาฬสินธุ์,KSN,KSN_4,4,"อำเภอสหัสขันธ์, อำเภอคำม่วง, อำเภอสมเด็จ (ยกเว้นหนองแวง), อำเภอสามชัย",136372,81846,60.02,79536,97.18,2310,2.82,48206,60.61,24828,31.22,6502,8.17,292,94.81
กาฬสินธุ์,KSN,KSN_5,5,"อำเภอนามน (ยกเว้นยอดแกง), อำเภอกมลาไสย, อำเภอร่องคำ, อำเภอห้วยผึ้ง, อำเภอดอนจาน",137298,83599,60.89,81291,97.24,2308,2.76,54174,66.64,21132,26.0,5985,7.36,274,94.81
กาฬสินธุ์,KSN,KSN_6,6,"อำเภอกุฉินารายณ์, อำเภอเขาวง, อำเภอนาคู",135642,84244,62.11,81641,96.91,2603,3.09,54165,66.35,20831,25.52,6645,8.14,277,94.86
สกลนคร,SNK,SNK_1,1,อำเภอเมืองสกลนคร (ยกเว้นโนนหอม ม่วงลาย ดงชน หนองลาด โคกก่อง),133910,84788,63.32,82821,97.68,1967,2.32,51764,62.5,23376,28.22,7681,9.27,220,94.83
สกลนคร,SNK,SNK_2,2,"อำเภอเมืองสกลนคร (เฉพาะโนนหอม ม่วงลาย ดงชน โคกก่อง), อำเภอกุสุมาลย์, อำเภอเต่างอย, อำเภอโคกศรีสุพรรณ, อำเภอโพนนาแก้ว",131926,79299,60.11,77670,97.95,1629,2.05,49851,64.18,21169,27.26,6650,8.56,244,94.94
สกลนคร,SNK,SNK_3,3,"อำเภอเมืองสกลนคร (เฉพาะหนองลาด), อำเภอพรรณานิคม, อำเภอวานรนิวาส (เฉพาะนาซอ), อำเภออากาศอำนวย",134035,77109,57.53,75462,97.86,1647,2.14,48522,64.3,19737,26.15,7203,9.55,245,94.96
สกลนคร,SNK,SNK_4,4,"อำเภอกุดบาก, อำเภอวาริชภูมิ, อำเภอนิคมน้ำอูน, อำเภอส่องดาว (ยกเว้นท่าศิลา), อำเภอภูพาน",128385,75610,58.89,73728,97.51,1882,2.49,45370,61.54,21189,28.74,7169,9.72,240,94.86
สกลนคร,SNK,SNK_5,5,"อำเภอสว่างแดนดิน, อำเภอส่องดาว (เฉพาะท่าศิลา)",129748,76878,59.25,75012,97.57,1866,2.43,47007,62.67,21730,28.97,6275,8.37,213,94.67
สกลนคร,SNK,SNK_6,6,"อำเภอพังโคน, อำเภอวานรนิวาส (เฉพาะเดื่อศรีคันไชย ขัวก่าย หนองสนม ธาตุ ศรีวิชัย คอนสวรรค์), อำเภอเจริญศิลป์",130056,71919,55.3,70440,97.94,1479,2.06,45519,64.62,19113,27.13,5808,8.25,223,94.89
สกลนคร,SNK,SNK_7,7,"อำเภอวานรนิวาส (ยกเว้นเดื่อศรีคันไชย ขัวก่าย หนองสนม ธาตุ ศรีวิชัย นาซอ คอนสวรรค์), อำเภอคำตากล้า, อำเภอบ้านม่วง",131937,70682,53.57,69116,97.78,1566,2.22,44581,64.5,18382,26.6,6153,8.9,237,94.8
นครพนม,NPM,NPM_1,1,"อำเภอบ้านแพง, อำเภอศรีสงคราม, อำเภอนาหว้า, อำเภอนาทม",143587,87363,60.84,84324,96.52,3039,3.48,52981,62.83,23544,27.92,7799,9.25,272,94.77
นครพนม,NPM,NPM_2,2,"อำเภอเมืองนครพนม (เฉพาะนาราชควาย อาจสามารถ ท่าค้อ หนองญาติ ในเมือง หนองแสง), อำเภอท่าอุเทน, อำเภอโพนสวรรค์",142901,85031,59.5,82803,97.38,2228,2.62,55106,66.55,20701,25.0,6996,8.45,279,94.9
นครพนม,NPM,NPM_3,3,"อำเภอเมืองนครพนม (เฉพาะนาทราย ขามเฒ่า บ้านกลาง คำเตย ดงขวาง โพธิ์ตาก), อำเภอธาตุพนม, อำเภอเรณูนคร",142411,83292,58.49,81347,97.66,1945,2.34,54321,66.78,20573,25.29,6453,7.93,276,94.85
นครพนม,NPM,NPM_4,4,"อำเภอเมืองนครพนม (เฉพาะกุรุคุ บ้านผึ้ง วังตามัว), อำเภอปลาปาก, อำเภอนาแก, อำเภอวังยาง",144796,86100,59.46,83882,97.42,2218,2.58,54449,64.91,22291,26.57,7142,8.51,299,94.92
มุกดาหาร,MDH,MDH_1,1,"อำเภอเมืองมุกดาหาร (ยกเว้นผึ่งแดด นาโสก ดงมอน), อำเภอดอนตาล, อำเภอหว้านใหญ่",141841,94953,66.94,92661,97.59,2292,2.41,62502,67.45,22760,24.56,7399,7.99,270,94.74
มุกดาหาร,MDH,MDH_2,2,"อำเภอเมืองมุกดาหาร (เฉพาะผึ่งแดด นาโสก ดงมอน), อำเภอนิคมคำสร้อย, อำเภอดงหลวง, อำเภอคำชะอี, อำเภอหนองสูง",138498,89854,64.88,87230,97.08,2624,2.92,56220,64.45,23560,27.01,7450,8.54,313,94.85
เชียงใหม่,CMI,CMI_4,4,"อำเภอแม่ริม (เฉพาะแม่สา ดอนแก้ว เหมืองแก้ว), อำเภอสันทราย",144798,103125,71.22,101040,97.98,2085,2.02,72508,71.76,21242,21.02,7290,7.21,228,94.61
เชียงใหม่,CMI,CMI_5,5,"อำเภอแม่แตง, อำเภอแม่ริม (ยกเว้นแม่สา ดอนแก้ว เหมืองแก้ว), อำเภอสะเมิง, อำเภอกัลยาณิวัฒนา",133219,93311,70.04,90800,97.31,2511,2.69,63109,69.5,19415,21.38,8276,9.11,279,94.9
เชียงใหม่,CMI,CMI_1,1,อำเภอเมืองเชียงใหม่ (ยกเว้นหนองหอย ท่าศาลา หนองป่าครั่ง วัดเกต),137793,119595,86.79,118059,98.72,1536,1.28,91590,77.58,20653,17.49,5816,4.93,221,94.85
เชียงใหม่,CMI,CMI_2,2,"อำเภอสันกำแพง (เฉพาะแช่ช้าง สันกลาง บวกค้าง), อำเภอสารภี, อำเภอเมืองเชียงใหม่ (เฉพาะหนองหอย ท่าศาลา หนองป่าครั่ง วัดเกต)",143760,102276,71.14,100201,97.97,2075,2.03,72757,72.61,19683,19.64,7761,7.75,267,94.68
เชียงใหม่,CMI,CMI_3,3,"อำเภอดอยสะเก็ด, อำเภอสันกำแพง (ยกเว้นแช่ช้าง สันกลาง บวกค้าง), อำเภอแม่ออน",139193,98923,71.07,96802,97.86,2121,2.14,70349,72.67,18744,19.36,7709,7.96,275,94.83
เชียงใหม่,CMI,CMI_6,6,"อำเภอเชียงดาว, อำเภอพร้าว, อำเภอเวียงแหง, อำเภอไชยปราการ (ยกเว้นแม่ทะลบ ปงตำ)",127380,80906,63.52,77966,96.37,2940,3.63,53267,68.32,17973,23.05,6726,8.63,273,94.79
เชียงใหม่,CMI,CMI_7,7,"อำเภอฝาง, อำเภอแม่อาย, อำเภอไชยปราการ (ยกเว้นศรีดงเย็น หนองบัว)",132908,88258,66.41,85112,96.44,3146,3.56,57273,67.29,20497,24.08,7342,8.63,273,94.79
เชียงใหม่,CMI,CMI_8,8,"อำเภอสันป่าตอง, อำเภอหางดง",141140,107540,76.19,104926,97.57,2614,2.43,77926,74.27,18791,17.91,8209,7.82,308,94.77
เชียงใหม่,CMI,CMI_9,9,"อำเภอจอมทอง, อำเภอแม่แจ่ม (เฉพาะช่างเคิ่ง แม่ศึก แม่นาจร), อำเภอแม่วาง, อำเภอดอยหล่อ",126155,97022,76.91,93772,96.65,3250,3.35,65854,70.23,19731,21.04,8187,8.73,277,94.86
เชียงใหม่,CMI,CMI_10,10,"อำเภอแม่แจ่ม (ยกเว้นช่างเคิ่ง แม่ศึก แม่นาจร), อำเภอฮอด, อำเภอดอยเต่า, อำเภออมก๋อย",121915,87813,72.03,84800,96.57,3013,3.43,60971,71.9,17564,20.71,6265,7.39,264,94.96
ลำพูน,LPN,LPN_1,1,"อำเภอเมืองลำพูน, อำเภอแม่ทา, อำเภอบ้านธิ",171262,126250,73.72,123415,97.75,2835,2.25,88625,71.81,24345,19.73,10445,8.46,316,94.89
ลำพูน,LPN,LPN_2,2,"อำเภอบ้านโฮ่ง, อำเภอลี้, อำเภอทุ่งหัวช้าง, อำเภอป่าซาง, อำเภอเวียงหนองล่อง",162629,119364,73.4,115255,96.56,4109,3.44,75112,65.17,28406,24.65,11737,10.18,352,94.88
ลำปาง,LPG,LPG_1,1,"อำเภอเมืองลำปาง (ยกเว้นบ้านแลง บ้านเสด็จ กล้วยแพะ ปงแสนทอง), อำเภอห้างฉัตร",146326,97995,66.97,95808,97.77,2187,2.23,63842,66.64,24143,25.2,7823,8.17,276,94.85
ลำปาง,LPG,LPG_2,2,"อำเภอเมืองลำปาง (เฉพาะบ้านแลง บ้านเสด็จ), อำเภองาว, อำเภอแจ้ห่ม, อำเภอวังเหนือ, อำเภอเมืองปาน",150940,97185,64.39,93735,96.45,3450,3.55,62264,66.43,23541,25.11,7930,8.46,326,94.77
ลำปาง,LPG,LPG_3,3,"อำเภอเมืองลำปาง (เฉพาะพิชัย พระบาท ชมพู กล้วยแพะ ปงแสนทอง), อำเภอแม่เมาะ, อำเภอแม่ทะ",147220,99138,67.34,96401,97.24,2737,2.76,64356,66.76,23359,24.23,8686,9.01,262,94.93
ลำปาง,LPG,LPG_4,4,"อำเภอเกาะคา, อำเภอเสริมงาม, อำเภอเถิน, อำเภอแม่พริก, อำเภอสบปราบ",157791,100383,63.62,97074,96.7,3309,3.3,65369,67.34,23630,24.34,8075,8.32,318,94.93
อุตรดิตถ์,UTT,UTT_1,1,อำเภอเมืองอุตรดิตถ์,118173,76884,65.06,74840,97.34,2044,2.66,44034,58.84,23491,31.39,7315,9.77,224,94.92
อุตรดิตถ์,UTT,UTT_2,2,"อำเภอท่าปลา, อำเภอน้ำปาด, อำเภอฟากท่า, อำเภอบ้านโคก, อำเภอพิชัย (เฉพาะนาอิน นายาง), อำเภอทองแสนขัน",125041,73464,58.75,71322,97.08,2142,2.92,40917,57.37,23232,32.57,7173,10.06,273,94.79
อุตรดิตถ์,UTT,UTT_3,3,"อำเภอตรอน, อำเภอพิชัย (ยกเว้นนาอิน นายาง), อำเภอลับแล",123483,75414,61.07,73788,97.84,1626,2.16,45467,61.62,20918,28.35,7403,10.03,234,94.74
แพร่,PRE,PRE_1,1,"อำเภอเมืองแพร่ (ยกเว้นวังธง ห้วยม้า วังหงส์ ท่าข้าม แม่ยม แม่คำมี แม่หล่าย), อำเภอสูงเม่น (ยกเว้นหัวฝาย บ้านปง)",122115,83996,68.78,82253,97.92,1743,2.08,56322,68.47,20650,25.11,5281,6.42,242,94.9
แพร่,PRE,PRE_2,2,"อำเภอเมืองแพร่ (เฉพาะวังธง ห้วยม้า วังหงส์ ท่าข้าม แม่ยม แม่คำมี แม่หล่าย), อำเภอร้องกวาง, อำเภอสอง, อำเภอหนองม่วงไข่",116303,76674,65.93,74424,97.07,2250,2.93,48503,65.17,20800,27.95,5121,6.88,263,94.95
แพร่,PRE,PRE_3,3,"อำเภอลอง, อำเภอสูงเม่น (เฉพาะหัวฝาย บ้านปง), อำเภอเด่นชัย, อำเภอวังชิ้น",121732,71748,58.94,69688,97.13,2060,2.87,45230,64.9,18608,26.7,5850,8.39,247,94.64
น่าน,NAN,NAN_1,1,"อำเภอเมืองน่าน, อำเภอท่าวังผา, อำเภอภูเพียง",139889,91824,65.64,89706,97.69,2118,2.31,59874,66.74,22513,25.1,7319,8.16,283,94.97
น่าน,NAN,NAN_2,2,"อำเภอแม่จริม, อำเภอบ้านหลวง, อำเภอนาน้อย, อำเภอเวียงสา, อำเภอนาหมื่น, อำเภอสันติสุข",129646,84752,65.37,82986,97.92,1766,2.08,55343,66.69,21263,25.62,6380,7.69,332,94.86
น่าน,NAN,NAN_3,3,"อำเภอปัว, อำเภอทุ่งช้าง, อำเภอเชียงกลาง, อำเภอบ่อเกลือ, อำเภอสองแคว, อำเภอเฉลิมพระเกียรติ (เฉพาะห้วยโก๋น ขุนน่าน)",119741,77374,64.62,75334,97.36,2040,2.64,49582,65.82,19547,25.95,6205,8.24,285,95
พะเยา,PYO,PYO_1,1,"อำเภอเมืองพะเยา, อำเภอแม่ใจ",124910,95157,76.18,92608,97.32,2549,2.68,62010,66.96,23565,25.45,7033,7.59,265,94.98
พะเยา,PYO,PYO_2,2,"อำเภอจุน, อำเภอเชียงคำ, อำเภอภูซาง",127913,83556,65.32,81356,97.37,2200,2.63,56408,69.33,19180,23.58,5768,7.09,277,94.86
พะเยา,PYO,PYO_3,3,"อำเภอเชียงม่วน, อำเภอดอกคำใต้, อำเภอปง, อำเภอภูกามยาว",130330,84990,65.21,82034,96.52,2956,3.48,53460,65.17,21964,26.77,6610,8.06,285,95
เชียงราย,CRI,CRI_1,1,อำเภอเมืองเชียงราย (ยกเว้นแม่ข้าวต้ม ห้วยสัก ดอยลาน ท่าสุด นางแล),141662,95806,67.63,93576,97.67,2230,2.33,65903,70.43,20328,21.72,7345,7.85,228,94.61
เชียงราย,CRI,CRI_2,2,"อำเภอเมืองเชียงราย (เฉพาะแม่ข้าวต้ม ท่าสุด นางแล), อำเภอเวียงชัย, อำเภอแม่จัน (เฉพาะแม่จัน สันทราย ท่าข้าวเปลือก ป่าตึง ป่าซาง), อำเภอเวียงเชียงรุ้ง",132701,94496,71.21,91876,97.23,2620,2.77,66194,72.05,18516,20.15,7166,7.8,250,94.7
เชียงราย,CRI,CRI_3,3,"อำเภอแม่สรวย, อำเภอเวียงป่าเป้า, อำเภอแม่ลาว",139926,94034,67.2,90714,96.47,3320,3.53,61801,68.13,21018,23.17,7895,8.7,306,94.74
เชียงราย,CRI,CRI_4,4,"อำเภอเมืองเชียงราย (เฉพาะห้วยสัก ดอยลาน), อำเภอพาน, อำเภอป่าแดด",141667,93803,66.21,91341,97.38,2462,2.62,63450,69.46,20547,22.49,7344,8.04,348,94.82
เชียงราย,CRI,CRI_5,5,"อำเภอเทิง, อำเภอพญาเม็งราย, อำเภอขุนตาล, อำเภอเชียงของ (เฉพาะบุญเรือง)",132060,87831,66.51,85441,97.28,2390,2.72,59276,69.38,19721,23.08,6444,7.54,282,94.95
เชียงราย,CRI,CRI_6,6,"อำเภอแม่จัน (เฉพาะแม่คำ แม่ไร่ ศรีค้ำ จอมสวรรค์), อำเภอแม่สาย, อำเภอแม่ฟ้าหลวง",126632,74965,59.2,72625,96.88,2340,3.12,51560,70.99,14942,20.57,6123,8.43,229,94.63
เชียงราย,CRI,CRI_7,7,"อำเภอเชียงของ (ยกเว้นบุญเรือง), อำเภอเชียงแสน, อำเภอเวียงแก่น, อำเภอดอยหลวง, อำเภอแม่จัน (เฉพาะจันจว้า จันจว้าใต้)",134341,87052,64.8,84289,96.83,2763,3.17,58449,69.34,18383,21.81,7457,8.85,281,94.93
แม่ฮ่องสอน,MSN,MSN_1,1,"อำเภอเมืองแม่ฮ่องสอน, อำเภอขุนยวม, อำเภอปาย, อำเภอปางมะผ้า",89158,60433,67.78,58955,97.55,1478,2.45,38851,65.9,15027,25.49,5077,8.61,229,94.63
แม่ฮ่องสอน,MSN,MSN_2,2,"อำเภอแม่สะเรียง, อำเภอแม่ลาน้อย, อำเภอสบเมย",96014,65597,68.32,63379,96.62,2218,3.38,41715,65.82,16983,26.8,4681,7.39,216,94.74
นครสวรรค์,NSN,NSN_1,1,อำเภอเมืองนครสวรรค์ (ยกเว้นบ้านแก่ง พระนอน หนองกรด หนองกระโดน หนองปลิง),138721,86872,62.62,84866,97.69,2006,2.31,47908,56.45,29223,34.43,7735,9.11,219,94.81
นครสวรรค์,NSN,NSN_2,2,"อำเภอเมืองนครสวรรค์ (เฉพาะบ้านแก่ง พระนอน หนองกรด หนองกระโดน หนองปลิง), อำเภอโกรกพระ, อำเภอพยุหะคีรี",137003,93053,67.92,90018,96.74,3035,3.26,50000,55.54,30646,34.04,9372,10.41,258,94.85
นครสวรรค์,NSN,NSN_3,3,"อำเภอชุมแสง, อำเภอบรรพตพิสัย, อำเภอเก้าเลี้ยว",146633,90188,61.51,87474,96.99,2714,3.01,49731,56.85,28437,32.51,9306,10.64,292,94.81
นครสวรรค์,NSN,NSN_4,4,"อำเภอหนองบัว, อำเภอท่าตะโก, อำเภอไพศาลี (ยกเว้นสำโรงชัย ตะคร้อ โพธิ์ประสาท)",139645,81604,58.44,78815,96.58,2789,3.42,45899,58.24,25188,31.96,7728,9.81,267,94.68
นครสวรรค์,NSN,NSN_5,5,"อำเภอตาคลี, อำเภอไพศาลี (เฉพาะสำโรงชัย ตะคร้อ โพธิ์ประสาท), อำเภอตากฟ้า",139426,83844,60.14,81248,96.9,2596,3.1,43996,54.15,28294,34.82,8958,11.03,275,94.83
นครสวรรค์,NSN,NSN_6,6,"อำเภอลาดยาว, อำเภอแม่วงก์, อำเภอแม่เปิน, อำเภอชุมตาบง",136823,79836,58.35,77002,96.45,2834,3.55,43584,56.6,26205,34.03,7213,9.37,247,95
อุทัยธานี,UTI,UTI_1,1,"อำเภอเมืองอุทัยธานี, อำเภอทัพทัน, อำเภอสว่างอารมณ์, อำเภอหนองฉาง (ยกเว้นทุ่งโพ เขากวางทอง เขาบางแกรก), อำเภอหนองขาหย่าง",127283,71733,56.36,70062,97.67,1671,2.33,34620,49.41,27808,39.69,7634,10.9,323,95
อุทัยธานี,UTI,UTI_2,2,"อำเภอหนองฉาง (เฉพาะทุ่งโพ เขากวางทอง เขาบางแกรก), อำเภอบ้านไร่, อำเภอลานสัก, อำเภอห้วยคต",134558,75508,56.12,73432,97.25,2076,2.75,36538,49.76,29012,39.51,7882,10.73,293,94.82
กำแพงเพชร,KPT,KPT_1,1,อำเภอเมืองกำแพงเพชร (ยกเว้นไตรตรึงษ์ สระแก้ว),145121,91430,63.0,88707,97.02,2723,2.98,49548,55.86,30599,34.49,8560,9.65,262,94.93
กำแพงเพชร,KPT,KPT_2,2,"อำเภอเมืองกำแพงเพชร (เฉพาะสระแก้ว), อำเภอไทรงาม (ยกเว้นไทรงาม หนองไม้กอง หนองแม่แตง), อำเภอพรานกระต่าย, อำเภอลานกระบือ, อำเภอโกสัมพีนคร",147920,95579,64.62,92212,96.48,3367,3.52,50776,55.06,31869,34.56,9567,10.38,304,95
กำแพงเพชร,KPT,KPT_3,3,"อำเภอเมืองกำแพงเพชร (เฉพาะไตรตรึงษ์), อำเภอคลองลาน, อำเภอคลองขลุง, อำเภอปางศิลาทอง",137789,80485,58.41,77660,96.49,2825,3.51,43901,56.53,25419,32.73,8340,10.74,268,94.7
กำแพงเพชร,KPT,KPT_4,4,"อำเภอไทรงาม (เฉพาะไทรงาม หนองไม้กอง หนองแม่แตง), อำเภอขาณุวรลักษบุรี, อำเภอทรายทองวัฒนา, อำเภอบึงสามัคคี",138876,82921,59.71,80165,96.68,2756,3.32,44312,55.28,27931,34.84,7922,9.88,285,94.68
ตาก,TAK,TAK_1,1,"อำเภอเมืองตาก, อำเภอบ้านตาก (เฉพาะตากออก สมอโคน แม่สลิด), อำเภอสามเงา, อำเภอวังเจ้า",150617,93154,61.85,90470,97.12,2684,2.88,48837,53.98,32129,35.51,9504,10.51,258,94.85
ตาก,TAK,TAK_2,2,"อำเภอแม่สอด (ยกเว้นแม่กาษา ท่าสายลวด แม่ปะ), อำเภอพบพระ, อำเภออุ้มผาง",129817,80308,61.86,77198,96.13,3110,3.87,46303,59.98,21765,28.19,9130,11.83,190,95
ตาก,TAK,TAK_3,3,"อำเภอบ้านตาก (ยกเว้นตากออก สมอโคน แม่สลิด), อำเภอแม่ระมาด, อำเภอท่าสองยาง, อำเภอแม่สอด (เฉพาะแม่กาษา ท่าสายลวด แม่ปะ)",134880,86779,64.34,83360,96.06,3419,3.94,49625,59.53,26515,31.81,7220,8.66,220,94.83
สุโขทัย,STI,STI_1,1,"อำเภอเมืองสุโขทัย (ยกเว้นเมืองเก่า วังทองแดง), อำเภอกงไกรลาศ (เฉพาะไกรกลาง ไกรใน กกแรต บ้านใหม่สุขเกษม), อำเภอศรีสำโรง (ยกเว้นนาขุนไกร วัดเกาะ บ้านไร่ บ้านซ่าน ราวต้นจันทร์)",118292,75476,63.8,73501,97.38,1975,2.62,41043,55.84,24317,33.08,8141,11.08,233,94.72
สุโขทัย,STI,STI_2,2,"อำเภอบ้านด่านลานหอย, อำเภอคีรีมาศ, อำเภอกงไกรลาศ (ยกเว้นไกรกลาง ไกรใน กกแรต บ้านใหม่สุขเกษม)",118323,69923,59.1,67778,96.93,2145,3.07,38170,56.32,22412,33.07,7196,10.62,242,94.9
สุโขทัย,STI,STI_3,3,"อำเภอเมืองสุโขทัย (เฉพาะเมืองเก่า วังทองแดง), อำเภอศรีสำโรง (เฉพาะนาขุนไกร วัดเกาะ บ้านไร่ บ้านซ่าน ราวต้นจันทร์), อำเภอสวรรคโลก (ยกเว้นคลองยาง ปากน้ำ ในเมือง ป่ากุมเกาะ), อำเภอทุ่งเสลี่ยม",120591,74238,61.56,72110,97.13,2128,2.87,40263,55.84,23558,32.67,8289,11.49,228,95
สุโขทัย,STI,STI_4,4,"อำเภอศรีสัชนาลัย, อำเภอสวรรคโลก (เฉพาะคลองยาง ปากน้ำ ในเมือง ป่ากุมเกาะ), อำเภอศรีนคร",120291,78016,64.86,75629,96.94,2387,3.06,44423,58.74,23784,31.45,7422,9.81,240,94.86
พิษณุโลก,PLK,PLK_1,1,อำเภอเมืองพิษณุโลก (เฉพาะวังน้ำคู้ วัดจันทร์ วัดพริก ท่าทอง บ้านคลอง บึงพระ อรัญญิก พลายชุมพล ในเมือง),139505,97184,69.66,95582,98.35,1602,1.65,57967,60.65,30294,31.69,7321,7.66,208,94.98
พิษณุโลก,PLK,PLK_2,2,"อำเภอเมืองพิษณุโลก (เฉพาะสมอแข ดอนทอง บ้านป่า ปากโทก หัวรอ จอมทอง บ้านกร่าง มะขามสูง ไผ่ขอดอน), อำเภอพรหมพิราม",147454,89930,60.99,87866,97.7,2064,2.3,50955,57.99,27290,31.06,9621,10.95,268,94.7
พิษณุโลก,PLK,PLK_3,3,"อำเภอวังทอง, อำเภอเนินมะปราง",142882,85000,59.49,82577,97.15,2423,2.85,45727,55.37,28279,34.25,8571,10.38,261,94.91
พิษณุโลก,PLK,PLK_4,4,"อำเภอเมืองพิษณุโลก (เฉพาะท่าโพธิ์ งิ้วงาม), อำเภอบางระกำ, อำเภอบางกระทุ่ม",128190,84678,66.06,82230,97.11,2448,2.89,47762,58.08,25592,31.12,8876,10.79,267,94.68
พิษณุโลก,PLK,PLK_5,5,"อำเภอนครไทย, อำเภอชาติตระการ, อำเภอวัดโบสถ์",132621,84423,63.66,81930,97.05,2493,2.95,43362,52.93,29872,36.46,8696,10.61,278,94.88
พิจิตร,PCT,PCT_1,1,"อำเภอเมืองพิจิตร, อำเภอสามง่าม, อำเภอวชิรบารมี",145533,90139,61.94,87387,96.95,2752,3.05,47161,53.97,31454,35.99,8772,10.04,290,94.77
พิจิตร,PCT,PCT_2,2,"อำเภอวังทรายพูน, อำเภอตะพานหิน, อำเภอทับคล้อ, อำเภอสากเหล็ก, อำเภอดงเจริญ",140346,80073,57.05,77557,96.86,2516,3.14,44515,57.4,25344,32.68,7698,9.93,336,94.92
พิจิตร,PCT,PCT_3,3,"อำเภอโพธิ์ประทับช้าง, อำเภอบางมูลนาก, อำเภอโพทะเล, อำเภอบึงนาราง",141664,89840,63.42,87044,96.89,2796,3.11,47668,54.76,30749,35.33,8627,9.91,338,94.94
เพชรบูรณ์,PNB,PNB_1,1,อำเภอเมืองเพชรบูรณ์ (ยกเว้นป่าเลา ท่าพล นางั่ว),131142,78850,60.13,76477,96.99,2373,3.01,42224,55.21,26245,34.32,8008,10.47,228,95
เพชรบูรณ์,PNB,PNB_2,2,"อำเภอเมืองเพชรบูรณ์ (เฉพาะป่าเลา ท่าพล นางั่ว), อำเภอหล่มสัก (ยกเว้นฝายนาแซง หนองสว่าง น้ำเฮี้ย สักหลง ท่าอิบุญ น้ำก้อ น้ำชุน บุ่งคล้า บุ่งน้ำเต้า), อำเภอน้ำหนาว",131081,89266,68.1,86206,96.57,3060,3.43,45339,52.59,32204,37.36,8663,10.05,274,94.81
เพชรบูรณ์,PNB,PNB_3,3,"อำเภอหล่มสัก (เฉพาะฝายนาแซง หนองสว่าง น้ำเฮี้ย สักหลง ท่าอิบุญ น้ำก้อ น้ำชุน บุ่งคล้า บุ่งน้ำเต้า), อำเภอหล่มเก่า, อำเภอเขาค้อ",126659,82167,64.87,79471,96.72,2696,3.28,42474,53.45,28347,35.67,8650,10.88,282,94.95
เพชรบูรณ์,PNB,PNB_4,4,"อำเภอชนแดน, อำเภอหนองไผ่ (เฉพาะห้วยโป่ง หนองไผ่ ยางงาม บัววัฒนา นาเฉลียง), อำเภอวังโป่ง",126127,67970,53.89,65608,96.52,2362,3.48,36933,56.29,21809,33.24,6866,10.47,279,94.9
เพชรบูรณ์,PNB,PNB_5,5,"อำเภอวิเชียรบุรี (เฉพาะสามแยก โคกปรง บึงกระจับ ยางสาว), อำเภอหนองไผ่ (ยกเว้นห้วยโป่ง หนองไผ่ ยางงาม บัววัฒนา นาเฉลียง), อำเภอบึงสามพัน",133038,71389,53.66,69240,96.99,2149,3.01,39589,57.18,22423,32.38,7228,10.44,270,94.74
เพชรบูรณ์,PNB,PNB_6,6,"อำเภอวิเชียรบุรี (ยกเว้นสามแยก โคกปรง บึงกระจับ ยางสาว), อำเภอศรีเทพ",135294,82016,60.62,79263,96.64,2753,3.36,46505,58.67,24265,30.61,8493,10.71,278,88.54
ราชบุรี,RBR,RBR_1,1,อำเภอเมืองราชบุรี (ยกเว้นห้วยไผ่ น้ำพุ ดอนแร่ อ่างทอง),140137,101237,72.24,98592,97.39,2645,2.61,55556,56.35,32742,33.21,10294,10.44,228,94.61
ราชบุรี,RBR,RBR_2,2,"อำเภอเมืองราชบุรี (เฉพาะห้วยไผ่ น้ำพุ ดอนแร่ อ่างทอง), อำเภอสวนผึ้ง, อำเภอปากท่อ, อำเภอวัดเพลง, อำเภอบ้านคา",136101,94071,69.12,91123,96.87,2948,3.13,49863,54.72,29350,32.21,11910,13.07,226,94.96
ราชบุรี,RBR,RBR_3,3,"อำเภอจอมบึง, อำเภอโพธาราม (ยกเว้นดอนทราย บ้านฆ้อง บ้านสิงห์)",141093,102625,72.74,99529,96.98,3096,3.02,54523,54.78,32359,32.51,12647,12.71,232,94.69
ราชบุรี,RBR,RBR_4,4,อำเภอบ้านโป่ง,140248,104688,74.64,101698,97.14,2990,2.86,58642,57.66,32667,32.12,10389,10.22,197,94.71
ราชบุรี,RBR,RBR_5,5,"อำเภอดำเนินสะดวก, อำเภอบางแพ, อำเภอโพธาราม (เฉพาะดอนทราย บ้านฆ้อง บ้านสิงห์)",133947,106569,79.56,103289,96.92,3280,3.08,57584,55.75,34301,33.21,11404,11.04,223,94.89
กาญจนบุรี,KRI,KRI_1,1,"อำเภอเมืองกาญจนบุรี (ยกเว้นบ้านเก่า), อำเภอบ่อพลอย (เฉพาะหนองกุ่ม)",133196,87992,66.06,85353,97.0,2639,3.0,48358,56.66,27962,32.76,9033,10.58,178,94.68
กาญจนบุรี,KRI,KRI_2,2,"อำเภอท่าม่วง, อำเภอพนมทวน (ยกเว้นพนมทวน พังตรุ ดอนตาเพชร รางหวาย), อำเภอด่านมะขามเตี้ย",131663,94889,72.07,92095,97.06,2794,2.94,52267,56.75,29318,31.83,10510,11.41,199,94.76
กาญจนบุรี,KRI,KRI_3,3,"อำเภอท่ามะกา, อำเภอพนมทวน (ยกเว้นหนองโรง ทุ่งสมอ ดอนเจดีย์ หนองสาหร่าย)",136011,104376,76.74,101211,96.97,3165,3.03,60584,59.86,29889,29.53,10738,10.61,215,94.71
กาญจนบุรี,KRI,KRI_4,4,"อำเภอบ่อพลอย (ยกเว้นหนองกุ่ม), อำเภอเลาขวัญ, อำเภอหนองปรือ, อำเภอห้วยกระเจา",133796,85526,63.92,82357,96.29,3169,3.71,48044,58.34,23511,28.55,10802,13.12,254,94.78
กาญจนบุรี,KRI,KRI_5,5,"อำเภอเมืองกาญจนบุรี (เฉพาะบ้านเก่า), อำเภอไทรโยค, อำเภอศรีสวัสดิ์, อำเภอทองผาภูมิ, อำเภอสังขละบุรี",122620,80293,65.48,77631,96.68,2662,3.32,46189,59.5,23063,29.71,8379,10.79,185,94.87
สุพรรณบุรี,SPB,SPB_1,1,อำเภอเมืองสุพรรณบุรี,135381,91799,67.81,89174,97.14,2625,2.86,52995,59.43,26227,29.41,9952,11.16,219,94.81
สุพรรณบุรี,SPB,SPB_2,2,"อำเภอบางปลาม้า, อำเภอสองพี่น้อง (ยกเว้นทุ่งคอก หนองบ่อ บ่อสุพรรณ)",129576,80346,62.01,78095,97.2,2251,2.8,46219,59.18,23304,29.84,8572,10.98,234,94.74
สุพรรณบุรี,SPB,SPB_3,3,"อำเภอสองพี่น้อง (เฉพาะทุ่งคอก หนองบ่อ บ่อสุพรรณ), อำเภออู่ทอง",130523,98203,75.24,94845,96.58,3358,3.42,56537,59.61,28243,29.78,10065,10.61,247,95
สุพรรณบุรี,SPB,SPB_4,4,"อำเภอเดิมบางนางบวช, อำเภอด่านช้าง, อำเภอหนองหญ้าไซ (ยกเว้นหนองหญ้าไซ หนองราชวัตร)",137456,87054,63.33,84047,96.55,3007,3.45,50575,60.17,23917,28.46,9555,11.37,267,94.68
สุพรรณบุรี,SPB,SPB_5,5,"อำเภอศรีประจันต์, อำเภอดอนเจดีย์, อำเภอสามชุก, อำเภอหนองหญ้าไซ (เฉพาะหนองหญ้าไซ หนองราชวัตร)",144799,100173,69.18,97212,97.04,2961,2.96,57976,59.64,27416,28.2,11820,12.16,244,94.94
นครปฐม,NPT,NPT_1,1,"อำเภอเมืองนครปฐม (เฉพาะบางแขม พระประโทน ธรรมศาลา ดอนยายหอม ถนนขาด สามควายเผือก หนองดินแดง วังเย็น สระกะเทียม สวนป่าน), อำเภอสามพราน (เฉพาะหอมเกร็ด บางช้าง ท่าตลาด คลองใหม่ ตลาดจินดา คลองจินดา)",129731,95193,73.38,92918,97.61,2275,2.39,56297,60.59,27049,29.11,9572,10.3,204,94.88
นครปฐม,NPT,NPT_2,2,อำเภอเมืองนครปฐม (เฉพาะสนามจันทร์ นครปฐม วังตะกู หนองปากโลง ทุ่งน้อย โพรงมะเดื่อ ลำพยา ห้วยจรเข้ บ้านยาง บ่อพลับ พระปฐมเจดีย์),120935,95166,78.69,93016,97.74,2150,2.26,58209,62.58,26634,28.63,8173,8.79,196,94.69
นครปฐม,NPT,NPT_3,3,"อำเภอเมืองนครปฐม (เฉพาะตาก้อง มาบแค ทัพหลวง หนองงูเหลือม), อำเภอกำแพงแสน (ยกเว้นสระพัฒนา ห้วยม่วง)",119352,89607,75.08,86961,97.05,2646,2.95,54077,62.19,23500,27.02,9384,10.79,219,94.81
นครปฐม,NPT,NPT_4,4,"อำเภอกำแพงแสน (เฉพาะสระพัฒนา ห้วยม่วง), อำเภอดอนตูม, อำเภอบางเลน",128771,96757,75.14,94189,97.35,2568,2.65,58665,62.28,25143,26.69,10381,11.02,235,94.76
นครปฐม,NPT,NPT_5,5,"อำเภอนครชัยศรี, อำเภอพุทธมณฑล",131195,100574,76.66,98347,97.79,2227,2.21,60362,61.38,28657,29.14,9328,9.48,188,94.95
นครปฐม,NPT,NPT_6,6,อำเภอสามพราน (ยกเว้นหอมเกร็ด บางช้าง ท่าตลาด คลองใหม่ ตลาดจินดา คลองจินดา),126887,93698,73.84,92068,98.26,1630,1.74,61167,66.44,23793,25.84,7108,7.72,178,94.68
สมุทรสาคร,SKN,SKN_1,1,อำเภอเมืองสมุทรสาคร (เฉพาะท่าจีน คอกกระบือ บางน้ำจืด พันท้ายนรสิงห์ โคกขาม มหาชัย ท่าฉลอม โกรกกราก),119393,85391,71.52,83621,97.93,1770,2.07,55242,66.06,21861,26.14,6518,7.79,160,94.67
สมุทรสาคร,SKN,SKN_2,2,อำเภอเมืองสมุทรสาคร (ยกเว้นท่าจีน คอกกระบือ บางน้ำจืด พันท้ายนรสิงห์ โคกขาม มหาชัย ท่าฉลอม โกรกกราก),119061,77112,64.77,75146,97.45,1966,2.55,47428,63.11,20724,27.58,6994,9.31,152,94.41
สมุทรสาคร,SKN,SKN_3,3,อำเภอกระทุ่มแบน (ยกเว้นท่าไม้ บางยาง หนองนกไข่ ดอนไก่ดี ท่าเสา),111965,75253,67.21,73760,98.02,1493,1.98,49306,66.85,18708,25.36,5746,7.79,128,94.81
สมุทรสาคร,SKN,SKN_4,4,"อำเภอกระทุ่มแบน (ยกเว้นคลองมะเดื่อ แคราย สวนหลวง อ้อมน้อย ตลาดกระทุ่มแบน), อำเภอบ้านแพ้ว",112305,78282,69.7,76002,97.09,2280,2.91,45260,59.55,22157,29.15,8585,11.3,190,94.53
สมุทรสงคราม,SKM,SKM_1,1,"อำเภอเมืองสมุทรสงคราม, อำเภอบางคนที, อำเภออัมพวา",156265,105785,67.7,103054,97.42,2731,2.58,55977,54.32,35068,34.03,12009,11.65,252,94.74
เพชรบุรี,PBI,PBI_1,1,"อำเภอเมืองเพชรบุรี, อำเภอบ้านแหลม (ยกเว้นบ้านแหลม บางตะบูน บางตะบูนออก)",125505,91841,73.18,89017,96.93,2824,3.07,44036,49.47,35296,39.65,9685,10.88,226,94.96
เพชรบุรี,PBI,PBI_2,2,"อำเภอชะอำ, อำเภอท่ายาง",139326,97010,69.63,93504,96.39,3506,3.61,47972,51.3,34351,36.74,11181,11.96,240,94.86
เพชรบุรี,PBI,PBI_3,3,"อำเภอเขาย้อย, อำเภอหนองหญ้าปล้อง, อำเภอบ้านลาด, อำเภอบ้านแหลม (เฉพาะบ้านแหลม บางตะบูน บางตะบูนออก), อำเภอแก่งกระจาน",131557,95958,72.94,92904,96.82,3054,3.18,46000,49.51,35700,38.43,11204,12.06,265,94.98
ประจวบคีรีขันธ์,PKN,PKN_1,1,"อำเภอเมืองประจวบคีรีขันธ์ (ยกเว้นห้วยทราย), อำเภอกุยบุรี, อำเภอปราณบุรี (เฉพาะปากน้ำปราณ), อำเภอสามร้อยยอด",152840,108207,70.8,104858,96.91,3349,3.09,53012,50.56,40173,38.31,11673,11.13,242,94.9
ประจวบคีรีขันธ์,PKN,PKN_2,2,"อำเภอปราณบุรี (ยกเว้นปากน้ำปราณ), อำเภอหัวหิน",146369,95944,65.55,93478,97.43,2466,2.57,52645,56.32,31413,33.6,9420,10.08,213,94.67
ประจวบคีรีขันธ์,PKN,PKN_3,3,"อำเภอเมืองประจวบคีรีขันธ์ (เฉพาะห้วยทราย), อำเภอทับสะแก, อำเภอบางสะพาน, อำเภอบางสะพานน้อย",138975,93632,67.37,91240,97.45,2392,2.55,40466,44.35,41384,45.36,9390,10.29,242,94.9
นครศรีธรรมราช,NST,NST_1,1,อำเภอเมืองนครศรีธรรมราช (ยกเว้นกำแพงเซา ไชยมนตรี มะม่วงสองต้น บางจาก ท่าเรือ ปากพูน),132977,88477,66.54,86219,97.45,2258,2.55,35343,40.99,44076,51.12,6800,7.89,209,94.57
นครศรีธรรมราช,NST,NST_2,2,"อำเภอเมืองนครศรีธรรมราช (เฉพาะท่าไร่ กำแพงเซา ไชยมนตรี มะม่วงสองต้น บางจาก ท่าเรือ), อำเภอปากพนัง (ยกเว้นหูล่อง บางศาลา บางตะพง บ้านเพิง ท่าพยา ปากแพรก ขนาบนาก), อำเภอพระพรหม",141830,89103,62.82,86670,97.27,2433,2.73,30784,35.52,47702,55.04,8184,9.44,247,94.64
นครศรีธรรมราช,NST,NST_3,3,"อำเภอเชียรใหญ่, อำเภอปากพนัง (เฉพาะหูล่อง บางศาลา บางพระ บางตะพง บ้านเพิง ท่าพยา ปากแพรก ขนาบนาก), อำเภอหัวไทร, อำเภอเฉลิมพระเกียรติ (เฉพาะเชียรเขา ดอนตรอ สวนหลวง ทางพูน)",133623,86832,64.98,84329,97.12,2503,2.88,27829,33.0,49911,59.19,6589,7.81,304,94.7
นครศรีธรรมราช,NST,NST_4,4,"อำเภอชะอวด, อำเภอร่อนพิบูลย์ (ยกเว้นหินตก เสาธง), อำเภอจุฬาภรณ์",135857,92213,67.88,90065,97.67,2148,2.33,34042,37.8,48322,53.65,7701,8.55,218,94.78
นครศรีธรรมราช,NST,NST_5,5,"อำเภอทุ่งสง, อำเภอนาบอน (ยกเว้นทุ่งสง)",140284,96365,68.69,94307,97.86,2058,2.14,36909,39.14,49325,52.3,8073,8.56,223,94.89
นครศรีธรรมราช,NST,NST_6,6,"อำเภอฉวาง (เฉพาะฉวาง ไม้เรียง กะเปียด นากะชะ), อำเภอนาบอน (เฉพาะทุ่งสง), อำเภอทุ่งใหญ่, อำเภอบางขัน, อำเภอถ้ำพรรณรา",134534,95552,71.02,93367,97.71,2185,2.29,34924,37.41,50233,53.8,8210,8.79,235,94.76
นครศรีธรรมราช,NST,NST_7,7,"อำเภอลานสกา, อำเภอฉวาง (ยกเว้นฉวาง ไม้เรียง กะเปียด นากะชะ), อำเภอพิปูน, อำเภอร่อนพิบูลย์ (เฉพาะหินตก เสาธง), อำเภอช้างกลาง",136717,90028,65.85,87769,97.49,2259,2.51,30418,34.66,48265,54.99,9086,10.35,247,95
นครศรีธรรมราช,NST,NST_8,8,"อำเภอพรหมคีรี, อำเภอท่าศาลา (เฉพาะท่าศาลา โมคลาน ดอนตะโก โพธิ์ทอง), อำเภอนบพิตำ, อำเภอเมืองนครศรีธรรมราช (เฉพาะปากพูน)",136225,92828,68.14,90194,97.16,2634,2.84,39011,43.25,43048,47.73,8135,9.02,216,94.74
นครศรีธรรมราช,NST,NST_9,9,"อำเภอท่าศาลา (ยกเว้นท่าศาลา โมคลาน ดอนตะโก โพธิ์ทอง), อำเภอสิชล, อำเภอขนอม",139759,87705,62.75,85732,97.75,1973,2.25,33320,38.87,45191,52.71,7221,8.42,247,95
กระบี่,KBI,KBI_1,1,"อำเภอเมืองกระบี่, อำเภอเหนือคลอง (ยกเว้นโคกยาง ปกาสัย ห้วยยูง)",128642,88218,68.58,85848,97.31,2370,2.69,39961,46.55,37042,43.15,8845,10.3,202,94.84
กระบี่,KBI,KBI_2,2,"อำเภอเขาพนม, อำเภออ่าวลึก, อำเภอปลายพระยา",117651,78092,66.38,76169,97.54,1923,2.46,28601,37.55,40163,52.73,7405,9.72,196,94.69
กระบี่,KBI,KBI_3,3,"อำเภอเกาะลันตา, อำเภอคลองท่อม, อำเภอลำทับ, อำเภอเหนือคลอง (เฉพาะโคกยาง ปกาสัย ห้วยยูง)",124285,85425,68.73,83043,97.21,2382,2.79,33873,40.79,40785,49.11,8385,10.1,218,94.78
พังงา,PNA,PNA_1,1,"อำเภอเมืองพังงา, อำเภอเกาะยาว, อำเภอตะกั่วทุ่ง, อำเภอทับปุด",100343,67952,67.72,66103,97.28,1849,2.72,25676,38.84,33564,50.78,6863,10.38,192,94.58
พังงา,PNA,PNA_2,2,"อำเภอกะปง, อำเภอตะกั่วป่า, อำเภอคุระบุรี, อำเภอท้ายเหมือง",110773,76850,69.38,74780,97.31,2070,2.69,30699,41.05,36079,48.25,8002,10.7,179,94.71
ภูเก็ต,PKT,PKT_1,1,อำเภอเมืองภูเก็ต (ยกเว้นฉลอง วิชิต ราไวย์ กะรน),103980,72130,69.37,70771,98.12,1359,1.88,37882,53.53,27758,39.22,5131,7.25,137,94.48
ภูเก็ต,PKT,PKT_2,2,"อำเภอเมืองภูเก็ต (ยกเว้นเกาะแก้ว รัษฎา ตลาดใหญ่ ตลาดเหนือ), อำเภอกะทู้ (ยกเว้นกะทู้)",108376,64207,59.24,62833,97.86,1374,2.14,31814,50.63,25737,40.96,5282,8.41,140,94.59
ภูเก็ต,PKT,PKT_3,3,"อำเภอถลาง, อำเภอกะทู้ (เฉพาะกะทู้)",117792,73733,62.6,72139,97.84,1594,2.16,36129,50.08,29369,40.71,6641,9.21,162,94.74
สุราษฎร์ธานี,SNI,SNI_1,1,อำเภอเมืองสุราษฎร์ธานี (ยกเว้นขุนทะเล วัดประดู่),117090,71700,61.23,70612,98.48,1088,1.52,31635,44.8,33263,47.11,5714,8.09,158,94.61
สุราษฎร์ธานี,SNI,SNI_2,2,"อำเภอกาญจนดิษฐ์ (เฉพาะท่าทอง พลายวาส ท่าอุแท คลองสระ), อำเภอดอนสัก, อำเภอเกาะพะงัน, อำเภอเกาะสมุย",119683,81405,68.02,79585,97.76,1820,2.24,33439,42.02,38737,48.67,7409,9.31,201,94.81
สุราษฎร์ธานี,SNI,SNI_3,3,"อำเภอบ้านนาสาร (ยกเว้นทุ่งเตา ทุ่งเตาใหม่), อำเภอเคียนซา (ยกเว้นบ้านเสด็จ), อำเภอเวียงสระ",120055,85449,71.17,83702,97.96,1747,2.04,31721,37.9,44180,52.78,7801,9.32,214,94.69
สุราษฎร์ธานี,SNI,SNI_4,4,"อำเภอคีรีรัฐนิคม, อำเภอบ้านตาขุน, อำเภอพุนพิน",123380,90594,73.43,88723,97.93,1871,2.07,35237,39.72,45386,51.15,8100,9.13,222,94.87
สุราษฎร์ธานี,SNI,SNI_5,5,"อำเภอพนม, อำเภอพระแสง, อำเภอชัยบุรี, อำเภอเคียนซา (เฉพาะบ้านเสด็จ)",121866,85485,70.15,83635,97.84,1850,2.16,31262,37.38,44880,53.66,7493,8.96,211,94.62
สุราษฎร์ธานี,SNI,SNI_6,6,"อำเภอไชยา, อำเภอท่าชนะ, อำเภอท่าฉาง, อำเภอวิภาวดี",125055,92000,73.57,89924,97.74,2076,2.26,31495,35.02,50678,56.36,7751,8.62,232,94.69
สุราษฎร์ธานี,SNI,SNI_7,7,"อำเภอกาญจนดิษฐ์ (ยกเว้นท่าทอง พลายวาส ท่าอุแท คลองสระ), อำเภอบ้านนาสาร (เฉพาะทุ่งเตา ทุ่งเตาใหม่), อำเภอบ้านนาเดิม, อำเภอเมืองสุราษฎร์ธานี (เฉพาะขุนทะเล วัดประดู่)",120277,88810,73.84,86871,97.82,1939,2.18,35224,40.55,44022,50.68,7625,8.78,190,95
ระนอง,RNG,RNG_1,1,"อำเภอเมืองระนอง, อำเภอละอุ่น, อำเภอกะเปอร์, อำเภอกระบุรี, อำเภอสุขสำราญ",143314,86935,60.66,84663,97.39,2272,2.61,32196,38.03,43742,51.67,8725,10.31,231,94.67
ชุมพร,CPN,CPN_1,1,"อำเภอเมืองชุมพร (ยกเว้นบางลึก หาดพันไกร วังใหม่ บ้านนา ถ้ำสิงห์), อำเภอสวี (ยกเว้นเขาทะลุ เขาค่าย)",137056,94124,68.68,92224,97.98,1900,2.02,32496,35.24,51690,56.05,8038,8.72,247,94.64
ชุมพร,CPN,CPN_2,2,"อำเภอเมืองชุมพร (เฉพาะบางลึก หาดพันไกร วังใหม่ บ้านนา ถ้ำสิงห์), อำเภอท่าแซะ, อำเภอปะทิว",136820,97154,71.01,94891,97.67,2263,2.33,32997,34.77,53128,55.99,8766,9.24,257,94.83
ชุมพร,CPN,CPN_3,3,"อำเภอหลังสวน, อำเภอละแม, อำเภอพะโต๊ะ, อำเภอสวี (เฉพาะเขาทะลุ เขาค่าย), อำเภอทุ่งตะโก",135755,92403,68.07,90558,98.0,1845,2.0,31012,34.25,51378,56.73,8168,9.02,270,94.74
สงขลา,SKA,SKA_1,1,อำเภอเมืองสงขลา,128331,88000,68.57,85946,97.67,2054,2.33,37202,43.29,41300,48.05,7444,8.66,189,94.97
สงขลา,SKA,SKA_2,2,อำเภอหาดใหญ่ (เฉพาะคลองอู่ตะเภา หาดใหญ่),108657,74527,68.59,73219,98.24,1308,1.76,35945,49.09,32107,43.85,5167,7.06,168,94.92
สงขลา,SKA,SKA_3,3,"อำเภอจะนะ (เฉพาะจะโหนง คลองเปียะ), อำเภอหาดใหญ่ (เฉพาะทุ่งใหญ่ ท่าข้าม พะตง น้ำน้อย บ้านพรุ คอหงส์), อำเภอนาหม่อม",133721,100535,75.18,98551,98.03,1984,1.97,45187,45.85,45146,45.81,8218,8.34,200,94.79
สงขลา,SKA,SKA_4,4,"อำเภอสทิงพระ, อำเภอระโนด, อำเภอกระแสสินธุ์, อำเภอสิงหนคร (เฉพาะรำแดง วัดขนุน ชะแล้ บางเขียด ม่วงงาม)",126692,91798,72.46,88823,96.76,2975,3.24,33857,38.12,47075,53.0,7891,8.88,234,94.74
สงขลา,SKA,SKA_5,5,"อำเภอรัตภูมิ, อำเภอควนเนียง, อำเภอสิงหนคร (ยกเว้นรำแดง วัดขนุน ชะแล้ บางเขียด ม่วงงาม)",129751,95977,73.97,93270,97.18,2707,2.82,37840,40.57,45742,49.04,9688,10.39,220,94.83
สงขลา,SKA,SKA_6,6,"อำเภอสะเดา, อำเภอคลองหอยโข่ง",116166,85024,73.19,82693,97.26,2331,2.74,36534,44.18,38470,46.52,7689,9.3,179,94.71
สงขลา,SKA,SKA_7,7,"อำเภอนาทวี, อำเภอสะบ้าย้อย, อำเภอเทพา (เฉพาะลำไพล)",123182,89784,72.89,87291,97.22,2493,2.78,41944,48.05,38041,43.58,7306,8.37,220,94.83
สงขลา,SKA,SKA_8,8,"อำเภอจะนะ (ยกเว้นจะโหนง คลองเปียะ), อำเภอเทพา (ยกเว้นลำไพล)",120448,91374,75.86,88563,96.92,2811,3.08,41746,47.14,39326,44.4,7491,8.46,222,94.87
สงขลา,SKA,SKA_9,9,"อำเภอหาดใหญ่ (เฉพาะฉลุง ทุ่งตำเสา คูเต่า คลองแห ควนลัง), อำเภอบางกล่ำ",135999,98992,72.79,96592,97.58,2400,2.42,45089,46.68,42869,44.38,8634,8.94,193,94.61
สตูล,STN,STN_1,1,"อำเภอเมืองสตูล, อำเภอควนโดน, อำเภอควนกาหลง (เฉพาะทุ่งนุ้ย)",116873,79537,68.05,77189,97.05,2348,2.95,37560,48.66,31278,40.52,8351,10.82,190,95
สตูล,STN,STN_2,2,"อำเภอควนกาหลง (ยกเว้นทุ่งนุ้ย), อำเภอท่าแพ, อำเภอละงู, อำเภอทุ่งหว้า, อำเภอมะนัง",129553,89328,68.95,86907,97.29,2421,2.71,42041,48.37,35079,40.36,9787,11.26,220,94.83
ตรัง,TRG,TRG_1,1,อำเภอเมืองตรัง,124216,87723,70.62,86095,98.14,1628,1.86,33674,39.11,43163,50.13,9258,10.75,215,94.71
ตรัง,TRG,TRG_2,2,"อำเภอห้วยยอด, อำเภอวังวิเศษ, อำเภอรัษฎา",132487,90121,68.02,87958,97.6,2163,2.4,33932,38.58,44931,51.08,9095,10.34,258,94.85
ตรัง,TRG,TRG_3,3,"อำเภอย่านตาขาว (ยกเว้นย่านตาขาว ทุ่งกระบือ ทุ่งค่าย เกาะเปียะ), อำเภอปะเหลียน, อำเภอนาโยง, อำเภอหาดสำราญ",125342,83952,66.98,81830,97.47,2122,2.53,30943,37.81,41048,50.16,9839,12.02,212,94.64
ตรัง,TRG,TRG_4,4,"อำเภอกันตัง, อำเภอย่านตาขาว (ยกเว้นหนองบ่อ นาชุมเห็ด ในควน โพรงจระเข้), อำเภอสิเกา",128358,89501,69.73,87329,97.57,2172,2.43,35144,40.24,42511,48.68,9674,11.08,201,94.81
พัทลุง,PLG,PLG_1,1,"อำเภอเมืองพัทลุง, อำเภอเขาชัยสน",134471,100853,75.0,98534,97.7,2319,2.3,39107,39.69,50818,51.57,8609,8.74,247,95
พัทลุง,PLG,PLG_2,2,"อำเภอกงหรา (เฉพาะสมหวัง ชะรัด), อำเภอควนขนุน, อำเภอศรีบรรพต, อำเภอป่าพะยอม, อำเภอศรีนครินทร์",144593,109572,75.78,106886,97.55,2686,2.45,44026,41.19,53569,50.12,9291,8.69,265,94.98
พัทลุง,PLG,PLG_3,3,"อำเภอกงหรา (ยกเว้นสมหวัง ชะรัด), อำเภอตะโหมด, อำเภอปากพะยูน, อำเภอป่าบอน, อำเภอบางแก้ว",143629,104339,72.64,101491,97.27,2848,2.73,39235,38.66,52991,52.21,9265,9.13,247,94.64
ปัตตานี,PTN,PTN_2,2,"อำเภอโคกโพธิ์, อำเภอหนองจิก",110681,74437,67.25,71881,96.57,2556,3.43,44444,61.83,21897,30.46,5540,7.71,202,94.84
ปัตตานี,PTN,PTN_1,1,อำเภอเมืองปัตตานี,95605,66602,69.66,64568,96.95,2034,3.05,43789,67.82,16104,24.94,4675,7.24,149,94.9
ปัตตานี,PTN,PTN_3,3,"อำเภอทุ่งยางแดง, อำเภอยะรัง, อำเภอแม่ลาน",99188,64325,64.85,62122,96.58,2203,3.42,46844,75.41,11430,18.4,3848,6.19,162,94.74
ปัตตานี,PTN,PTN_4,4,"อำเภอปะนาเระ, อำเภอสายบุรี, อำเภอไม้แก่น, อำเภอกะพ้อ",110256,75543,68.52,72963,96.58,2580,3.42,52642,72.15,16060,22.01,4261,5.84,210,94.59
ปัตตานี,PTN,PTN_5,5,"อำเภอมายอ, อำเภอยะหริ่ง",109944,69853,63.54,67278,96.31,2575,3.69,50454,74.99,12387,18.41,4437,6.6,198,94.74
ยะลา,YLA,YLA_1,1,"อำเภอเมืองยะลา (ยกเว้นบุดี เปาะเส้ง บันนังสาเรง), อำเภอยะหา (เฉพาะยะหา ตาชี บาโงยซิแน)",130145,89702,68.92,87064,97.06,2638,2.94,53074,60.96,26733,30.7,7257,8.34,208,94.98
ยะลา,YLA,YLA_2,2,"อำเภอเมืองยะลา (เฉพาะบุดี เปาะเส้ง บันนังสาเรง), อำเภอยะหา (ยกเว้นยะหา ตาชี บาโงยซิแน), อำเภอรามัน, อำเภอกาบัง",134276,88827,66.15,85321,96.05,3506,3.95,63032,73.88,15902,18.64,6387,7.49,226,94.96
ยะลา,YLA,YLA_3,3,"อำเภอเบตง, อำเภอบันนังสตา, อำเภอธารโต, อำเภอกรงปินัง",131444,86678,65.94,83774,96.65,2904,3.35,56778,67.78,20408,24.36,6588,7.86,232,94.69
นราธิวาส,NWT,NWT_1,1,"อำเภอเมืองนราธิวาส, อำเภอยี่งอ",129176,91028,70.47,87458,96.08,3570,3.92,56529,64.64,24015,27.46,6914,7.91,214,94.69
นราธิวาส,NWT,NWT_2,2,"อำเภอตากใบ, อำเภอสุไหงโกลก",113221,70705,62.45,67727,95.79,2978,4.21,40902,60.39,20920,30.89,5905,8.72,189,94.97
นราธิวาส,NWT,NWT_3,3,"อำเภอแว้ง, อำเภอสุไหงปาดี, อำเภอเจาะไอร้อง",112323,74709,66.51,71684,95.95,3025,4.05,50060,69.83,16804,23.44,4820,6.72,194,94.63
นราธิวาส,NWT,NWT_4,4,"อำเภอระแงะ, อำเภอสุคิริน, อำเภอจะแนะ",116961,78305,66.95,75717,96.69,2588,3.31,54363,71.8,17082,22.56,4272,5.64,204,94.88
นราธิวาส,NWT,NWT_5,5,"อำเภอบาเจาะ, อำเภอรือเสาะ, อำเภอศรีสาคร",125363,84450,67.36,81738,96.79,2712,3.21,61689,75.47,15232,18.64,4817,5.89,219,94.81
